ACWI,SPY,TLT
0.0269781597472978,0.0400948265647818,-0.00366979288409919
-0.0227952455816434,-0.0259754453362797,0.00492484080975864
0.0445121989347506,0.0375236462029642,-0.0307814750711701
0.00227882261415235,0.00805535403432511,-0.0102931399821831
0.0131902600565272,0.0135891130963453,-0.0022896928078282
-0.00827069820162585,-0.0186161413275752,0.00966820182876305
0.0324975215881782,0.0267099967015829,-0.00716075182200893
-0.0313656336531105,-0.0358226260252081,-0.000762482445308521
0.0125528237329355,0.0194977698008367,-0.0163694718230296
-0.0258382868542952,-0.0293544271179176,0.00530274502074413
-0.0206551052932218,-0.00102774488737278,-0.0210440247927783
-0.0212900184191023,-0.034142128716665,0.0105216418427343
-0.0193125918333572,-0.0312634241068368,0.0275644989554262
-0.0238449089143407,-0.00961243800972067,-0.00271164546901037
-0.0119285645167033,-0.0197488031870785,0.000977082698861764
0.00922048931960529,0.0171328105702226,-0.0187290585824282
-0.004180544291017,-0.00397678076512698,-0.00343316761023083
-0.00925937670109445,0.00540456160706704,0.0154120347355358
0.00904984205902526,0.0251255065045228,0.00501253182215322
-0.0143492716112297,0.0061647962249225,0.0112409410015166
-0.0023406886493138,-0.00400280950392151,0.0004298400553715
0.00255325131434958,-0.00665534613357455,0.00813180721425511
-0.0581839086761002,-0.0345201944040809,0.0173256713089449
0.00740490340600664,0.0133329842713694,-0.00567169779070298
0.00779432257864254,-0.0157470469329004,-0.010269543453103
-0.0256136940867839,-0.0266987671853496,0.0056242391143746
-0.119263389573039,-0.0909836198683038,0.0302263918149004
-0.205983938242531,-0.220563922641083,-0.0149990356665981
0.0322408281893027,0.0518524502369813,-0.0219163150396762
-0.101706373349896,-0.0684872086247657,0.0300127512902941
0.129088853929368,0.106589088907334,-0.04115374376196
-0.0264676278270124,-0.0311525656643754,0.0152870610220974
-0.0782664098792263,-0.0802735493741729,0.0096078026856663
-0.0863524061532797,-0.0855222473615269,0.0782872227780738
0.0994501578683456,0.124800609880535,0.0268421316601613
-0.031727680351584,-0.0242680831523154,0.0440404382033695
0.0504198110656708,0.0119829330019057,0.0169624828760924
0.00953299694374277,-0.00903037427991293,0.0843529197113098
-0.0140129849053667,-0.0117480534912122,-0.00788310096466205
0.0606623751347462,0.064423731162627,-0.0416639644750241
-0.0453851989186394,-0.0425222296281627,-0.0316072677987727
-0.0545235722278035,-0.046290192503502,0.0138309886653394
-0.0450280603295288,-0.0231918222144856,-0.0595698454888325
0.00243943998194496,-0.00337470219248548,-0.0372725929006679
0.0591288587420529,0.0488879090474574,-0.014172233691581
-0.0504647947032639,-0.0497333670741105,0.00117247442741331
-0.0763400859343757,-0.0666997571911212,0.0146369548958551
-0.0344796356858259,-0.0461264178016654,-0.019825731590231
-0.0653098805266694,-0.0701723186050094,0.0230921766771495
0.0893064293361774,0.098970416967874,-0.0147835799239946
0.0340395455651565,0.00811526397651541,0.0115171348370762
0.0500192880675909,0.0619197449237436,0.0061396912241376
0.0512587074204243,0.0319554709436787,-0.0158090763441381
0.0107897049133605,0.0182282394640145,-0.00555367242363758
0.0183668671262769,0.01469173602589,-0.00637102415179491
0.00953299694374277,-0.00483479882349602,-0.0111732736251344
0.0160003480487694,0.0140935670619387,-0.0350096365305088
0.074930182886654,0.0562984267342026,-0.0225992240529935
-0.0488190860065556,-0.0470118401542194,0.0321304291597899
0.0307532464155336,0.00348841366578423,-0.047093340603217
0.0372283926592876,0.0386718771906001,0.00681941268283293
0.0070571924619891,0.0215959243126944,-0.0470713704102153
0.0186713513695032,0.00558983436891403,0.00144602532930183
-0.0411442340478447,-0.0324953866358113,0.0189370536916362
-0.00692837263383073,-0.0021753824178532,0.031138374820916
-0.0181238200784715,-0.0223515921976381,-0.00307050150783361
-0.0235796894043707,-0.0208141452206236,0.0202599722511527
0.0680057169939232,0.067794621102415,-0.0532478202499132
0.0487364307670619,0.0409027349454973,0.00229896746321856
0.0141430666606861,0.00761927817276042,0.0360825217132588
0.0191581640806224,0.0238999371988733,-0.0466355394236766
-0.00260287207389176,-0.00405957324735518,0.0311165298862708
0.0198690699522568,0.0213985420732987,0.00448908598993114
0.00433402799480209,0.00397379767646644,0.0288017124219753
-0.00997076409749376,-0.0128506414855245,-0.0135616833721279
0.035587444015901,0.0262065876093507,0.0155284022184956
0.0225554584936121,0.0184411542817946,-0.00976828734233326
-0.0245411089161176,-0.0215001348205153,0.0229183269139561
-0.0221059260391079,-0.0189432467850059,0.0104574662384849
0.0500352131888233,0.0454906014709895,-0.0319148789097907
0.0153443289591224,0.0150823792816031,-0.00470347960110118
-0.00716333633960309,-0.00746648215915347,-0.00525211308182616
-0.0511292970692456,-0.0427205792850671,0.00870347705198693
0.0402871050374487,0.0338918933280876,-0.0259122629727999
0.0244089764138282,0.0229768400368284,0.00630171738708985
-0.00997865650931828,-0.00173478645432468,0.0126959446735535
-0.00310896020965545,0.00127853341296102,0.0133669361876771
0.0232017876461348,0.0130566949560524,-0.032257516157534
-0.0120071676099136,0.000900400500994714,-0.0134823813209444
-0.00856333973444956,-0.00813307869280244,0.0075725652651073
0.0149380620307142,0.020387829510736,-0.0337566498659658
-0.00471812049616327,-0.00928910652771098,0.00200445842954267
0.0298181599918994,0.027699635862513,-0.00669718401278541
-0.0057544180369824,-0.00815043562680629,0.0198487515168058
-0.0528496284792817,-0.0397629257886107,0.0100503157496954
-0.025636132144129,-0.0168055636398341,0.003363874505113
-0.0140811366625457,-0.00682082267974415,-0.00358125294603351
0.0173218491798566,0.0128552978915044,-0.019652615360914
0.0245833420284156,0.0282891249616579,-0.00823880740939043
-0.00633381267417743,-0.00360557025572295,0.0245153761614532
0.0404700854997171,0.0312039376699982,-0.0153900098769046
0.0102732313156091,0.0105351119290837,0.00232372678688808
0,0.00440740579123844,0.00858372999818347
0.0030152190026187,0.00524620082918936,-0.0256382191042803
0.0217624153311031,0.0104105487999231,0
0.0123861335459639,0.0147464223076259,0.000337283301572455
-0.00763877340177466,-0.00159057786238925,0.00984124732953617
0.0132185222448387,0.020318292100141,0.00277824258608739
-0.0344159040778562,-0.024936875747759,0.0221694402884625
-0.0880799846961216,-0.065655734073875,0.0367630189984975
0.0297419878297376,0.0233632410796352,-0.00735070600585175
-0.0416363765207772,-0.0428765116662095,0.036732732440095
0.00152636443030785,0.00238010119897147,-0.0198026303966143
-0.0234034043217743,-0.0235914824051813,0.013279323341421
0.0340229270555783,0.0264218659817699,-0.00389341930869858
0.0253303956390281,0.0185182385678191,0.00287031227855117
-0.0308788943155105,-0.0351584527549962,0.0138255792986213
-0.0481833830896234,-0.0539951759403419,0.0174143494954651
0.0569961928091418,0.0548291317605987,-0.0156995342744031
-0.012867550282178,-0.0121145401626812,0.0157987667367454
0.0354239623763486,0.0345545031124441,-0.0101706357136973
0.00756935304595796,-0.00126886929158854,0.00699098592991554
0.0233211961865329,0.0190430867717861,-0.00378906505123133
-0.0437175743981895,-0.0369774967927858,0.0216422543415975
-0.00622589503514615,-0.0072275962565076,0.0360044646353899
-0.00325278037137844,-0.00625029480890671,-0.00652826428831954
0.0366629288758915,0.0370191412196892,-0.0169438470928665
0.00385821192520908,0.00530651926516867,-0.0122391243854061
0.0162333551665808,0.00901907708815486,-0.00637289801073848
0.0254835569820266,0.0205013722672973,0.0178393564281372
0.00644270026966121,-0.00183061624755521,0.0106675424847893
0.021105976562795,0.0166995037367617,-0.00373509399639094
0.0104993978497592,0.009904418767122,-0.0386375471369309
-0.00200200606831036,0.00550733472910103,0.0110092918953608
-0.00178288469025656,0.00118222773280774,-0.00951443357965687
0.0367897081359532,0.0350767967661394,-0.0245979619007501
-0.0245958042588743,-0.0207483508538981,-0.0223963722908112
0.00351957785056811,0.00074850490487588,0.00810814009621019
-0.0242261016154939,-0.0124640690002416,0.00495718630301756
0.0340590389242688,0.0338482087131151,-0.0227140450267953
0.0032562214691807,0.0128554460678787,-0.0185072061249896
0.00605012188355181,-0.00144706432951836,0.000965677827984734
-0.00107768603215597,0.0104042188171638,-0.00333026640328171
0.00944420928078404,0.00119356709446805,0.0127240681876861
-0.00363835569373849,0.0109930277277881,-0.0189849029183984
0.023939308028734,0.0168464726723236,-0.00553779742609617
-0.00904222967545909,-0.00721862832014786,-0.00349040174466531
-0.0108315450135859,-0.00507630365558054,0.00436112266870392
0.0290423871316419,0.0265012823702158,-0.0344193848402155
0.00475944090741232,0.0148341988697975,0.00729235899057823
0.0163804450691778,0.0106113547793703,0.000335275552830083
-0.0172064901547087,-0.0164883968016234,0.0307005567536978
0.00638448377397216,0.00105739728911836,-0.016058035260337
-0.0220016669001284,-0.0123810392301467,0.00811591963788505
-0.0224967330190262,-0.0238216540535552,0.0206482230215048
0.0250119078807041,0.0273312839239752,-0.0138988493368402
0.0198970104770062,0.0139914618691606,0.000217013153322121
0.00654532299551391,-0.00218031958950427,-0.0253762745340298
-0.00983412038261289,-0.00619109069327095,0.0305693590809222
0.0183603998408031,0.0130917944277869,-0.000755650665768215
0.0243621754770653,0.0196149583244143,0.0138347525957876
-0.0288192577742086,-0.01648040709276,0.0124895813911809
-0.0124631425085324,-0.00119298901663623,0.000105202589107734
0.000411109110014074,-0.00321309961161376,0.00252098727891337
0.00348758135254901,-0.000748772911172146,0.0119924428072205
-0.00760621907618253,-0.0234163423324087,-0.00145227605849119
-0.0261329813304076,-0.0218596389729884,0.00837341485670518
-0.00957761445702632,-0.00431962516608575,-0.00247369599071856
-0.013781428467134,-0.00189084979197141,0.000825271648240644
0.0585307554435155,0.0545527090740814,-0.0351539906755312
-0.0057424807655555,0.00357778960757038,0.0184132767736704
-0.0216224035608219,-0.0203696884148163,0.00835334729457582
0.0244977268315272,0.0217081371046994,-0.00124851869745957
-0.0335762287483523,-0.0397915397807118,0.0192818790773588
-0.0833355114206662,-0.074209089011327,0.043954354223505
-0.015565466603551,-0.0164571224456358,0.0312690828228357
-0.0516506702762869,-0.0475041931370654,0.0519561172617564
0.0365524972072429,0.046233478210195,-0.0246723712288324
0.00663349471943464,-0.00101774876681926,0.0363841424262237
-0.0348382847115563,-0.016512334217925,0.0106092140151999
0.0383739755740633,0.0471785484464018,-0.0130119228237042
-0.080572282975464,-0.0679236248569222,0.0737451974316867
-0.00229797509185037,-0.00344082024106029,-0.000248303429580155
0.02399409916893,0.0223726674109894,-0.0214198716306209
0.0691758434370215,0.0575952398872772,-0.0369567102228485
0.00232617665606627,0.0113573178335527,-0.00722215324987108
0.0485245806694477,0.0366672485679409,-0.0148718017328342
-0.0390436485241006,-0.0245604491895435,0.0440538393407683
0.00298750226199163,0.00935994992597955,-0.00715121139681774
-0.0438574852733882,-0.0376492356125242,0.0314081295361959
-0.0557068196277388,-0.0473402173837023,0.0121597793560282
0.0836046176668761,0.0706762075169172,-0.0180426180785016
0.00511631861888473,0.00948556332273576,-0.0164014751053099
-0.0416826183488932,-0.0360239786548027,0.0469483415461109
0.0241321505737289,0.0387176606401036,-0.033670441246529
-0.00449551080420463,-0.00706660125808334,0.0248844119382117
0.00708894873021659,0.0174563027675321,-0.0210024938662157
0.00820730296669714,0.00880923469992734,0.0179462592915485
0.0339793837943883,0.0238517437818961,-0.0327952865314005
0.0101067848918843,-0.000985628634349922,0.0093593676475372
0.0253737055891836,0.020424091508227,-0.0128704280452823
-0.0100724061192263,-0.00133873340832125,0.00359649448578914
0.0187492004231924,0.0151423140646187,-0.00351069447574304
0.00903042003402055,0.00380470950399126,0.00786058526038769
0.000428000373390969,0.00277133269804875,-0.00298315560540718
-0.00299985663400859,0.00189180615943485,-0.0101236304841699
0.0187080517128608,0.0196500771472303,-0.0399349536969522
-0.0118645753400402,-0.00464376017469448,0.015847899205351
0.00594992399524319,0.0082721979055389,-0.00896152711370757
-0.0181726496644137,-0.00727019813611918,0.00630810773698265
-0.0147796719873221,-0.019138951049154,0.034214372550287
0.0119710441532015,0.00588898113544722,0.00196659770820329
0.013111431038539,0.0175329810952238,0.00187746445428605
-0.0288117363385809,-0.0244433338081915,0.00722084837366133
-0.0190820215565997,-0.0101978022274851,0.0114460146588176
-0.0545526789920898,-0.0442506334759436,0.0385767735564935
0.00519116822113519,0.018026767607334,-0.00646202109146454
-0.0291329387729369,-0.0302797458374702,0.0548687348148125
0.0389690405910215,0.0378212593631213,-0.0403075382824856
0.0150344341437476,0.00778325486380105,0.00945917341566194
-0.0171340535565907,-0.00508216833981034,-0.0109777961320896
0.0242254147962488,0.0195880967215638,0.00143873663844207
-0.00479834320395556,-0.00449207710194877,0.0147469623328576
-0.00137523226911984,0.00191708141275715,0.0164699554445891
0.0022910042023474,0.0052898603808238,0.00686651160123919
0.0192640172312406,0.0160642488081457,-0.0122226467250695
0.00604232477250788,0.00481972972483913,-0.00828451462643987
0.0176917318790695,0.010635670557086,-0.0135906110000157
0.00807782460524376,0.00946934070269023,-0.0331611343343763
-0.00413994358610204,-0.00472346184155459,0.0260556043856592
-0.00745127617686059,-0.00247632239603757,0.0230478160348522
0.0279814574494841,0.0222083323160192,-0.0293169154189927
0.0280520725757554,0.0199615887523157,-0.0472996652041289
-0.0110845553640462,-0.00934816519397685,0.0271019290880377
-0.0182517933765181,-0.0131108276072602,0.021728471088954
0.0174102003002368,0.0149601091694516,-0.0250247371006109
-0.0186960461437136,-0.0224899629771862,0.023010150839327
0.00832891912102296,0.00349308726096353,-0.0181520051785222
-0.0106907153568221,-0.0143290591506053,0.00736562406848851
0.00343347646535719,0.00148451091106239,-0.00310328751335653
-0.020561286296144,-0.0243111778861058,0.0299732487669147
-0.0121000098653021,-0.0130407162805941,0.00309094266469323
0.0382156433720486,0.0358673832556375,-0.0172404593197353
0.0053118154704106,0.00564366784010151,0.00465865767100659
0.00802032739190928,0.00182745178673027,-0.00288902061617691
0.00398612991167813,-0.00217916889127956,-0.00669277856183825
0.00313581376957561,0.00484389436772315,-0.0109824043233102
-0.0115462442469036,-0.0195182957727882,0.00863336172852591
0.0348583068337063,0.0442809524862291,-0.0406327547461114
0.00467907554984537,0.00477108457664865,0.012172212811425
0.0064738177312389,0.00853081996686367,0.00158408005019783
0.00923328693965253,0.0128610397353297,-0.0168862091003534
0.00577750222063189,0.0065674419282562,-0.0213220208216462
-0.00557767930178743,0.00369586972176261,0.0135822753869901
0.000798664197625421,0.00204006227088271,-0.00530780065825365
-0.002798310701984,-0.00144737670466988,0.0045390287502336
-0.00140209729317009,0.00144737670466988,0.0158525147740427
0.0200423838954515,0.0216558734393884,-0.0355269675893775
0.0021587054957215,0.00250586043225098,0.00876325183653393
-0.00807011289246296,-0.00147703023788814,0.0134713922643668
0.00296007178418689,0.0068530197480916,0.00365818007955454
-0.0089065559839856,-0.009684804544146,0.0420711932954037
0.0226054151709025,0.0231887018567383,-0.00727275434146346
-0.0208177465288606,-0.0211284895257986,0.00735418838317958
0.0221773601013093,0.0175958240836778,0.00454876550568883
0.0216961768802775,0.0195869321062379,-0.0201381976431607
0.00888721749904731,0.0125625677794803,-0.0181914254060072
0.0119761799328257,0.0213720785727931,-0.0143338399077004
-0.0157483603470872,-0.00981199675077704,-0.00222350648486014
-0.0177298799662857,-0.0113153697969421,-0.0203250767881649
0.0021134947917778,0.00822552149399414,-0.0113352409384344
-0.0121657820903662,-0.00987879487695764,0.00581547169817309
-0.0275771171345811,-0.0255094381620955,-0.048790147411844
-0.00139901481872462,0.00845096157038316,0.0186443060862116
0.00836488001558822,0.016077554349863,-0.0385834680415282
0.0316247857933325,0.027170099308031,0.0136463381489813
0.0101329377891584,0.00986109748090236,0.01364575608872
0.00171054214433308,-0.000354721292652904,-0.00975435705453265
0.00982624038285973,0.0108217038627609,-0.0150939488786257
-0.00376791634980522,-0.00963975851315357,0.0069230840400083
-0.0104355227985384,-0.0207681614526347,-0.0369410023203631
-0.0015270442361679,0.00475256297391713,0.00886067776099875
-0.024363121839551,-0.0179857775906473,0.0161692409723546
0.0237899149867173,0.0144987190985626,-0.0281303929333365
0.0234238451471342,0.0196208017411799,0.00484028036212969
0.02051253295084,0.00817531021298912,0.0131435202338226
-0.0067908665246077,-0.0106587443306809,0.0155100463342235
-0.000921220468870221,-0.000118438557155542,-0.00800869676115745
0.00935697734834928,0.00807903637659457,-0.00236776169877828
0.0229272700216763,0.0239675186889219,0.0148708795120029
0.00534004562187995,0.00890567954168731,0.0116102171616408
-0.0051615476066349,0.00147665725901547,-0.0195828566880136
-0.00178607458138291,0.00611026835873219,-0.0265282607963018
0.0157847243044333,0.0154478350035046,0.0126839372278962
0.00105518050503939,0.00421213561607026,-0.00786046673062923
0.000527173018806337,0.00105028860537004,0.00518328367752741
-0.00652155198202031,-0.000331533175325305,-0.0147564891626759
-0.0192828329970265,-0.015764157712983,0.00281376908481779
0.0150298075808868,0.0191848237639185,0.010026121971598
0.0169047707442696,0.0125340768041884,-0.023683553539831
-0.00876890915273165,-0.00523536506640099,0.00352976754260492
0.00737100866832829,0.00681145866586963,0.0216874166946504
-0.00104964248184736,-0.00271901848770284,0.0101959019340594
-0.028946370680206,-0.0262062276661483,0.0187834216699958
-0.00995932601850935,-0.00397685420447402,0.00741563849213112
0.0151709635337989,0.00838321604079351,-0.0138561557159118
0.0221581338889818,0.0238670203440261,-0.00196840370787665
0.00297590012085269,-0.000706721137937905,0.00084404542305716
0.0104331025721223,0.0129668138280978,0.0176551839611045
0.00500384274525434,0.010519393678722,-0.0249943097545469
-0.0277480536552579,-0.0193076407643549,0.0245336431786045
0.00828273709637006,0.00830503227717472,-0.00267583353323353
0.0129034340183711,-0.0038203466003619,0.010478031136171
0.00742215015069458,0.00489386765438038,-0.00835522148812729
-0.0192731130484072,-0.026584151165121,0.0207134030546419
0.021849288113347,0.026530531126931,-0.00616000032328579
-0.00360854563881574,-0.000536686207370352,0.011563944484589
0.0116379937824389,0.00945648460512327,0.0123193599434215
-0.000340375389361824,-0.000531837912597588,-0.0131281299691626
0.00492404277484848,0.000478691190510361,0.0204651956440927
0.00759306361496481,0.0121566137484219,-0.00742581183892543
0.00870292761755476,0.0121662288564677,0.0123458495277244
0.013736282867475,0.0139156614664859,-0.0222438361147894
-0.00527357341511436,-0.00641834232659289,0.00500586719184515
0.0111733055006145,0.00928043948689883,-0.0031256865543341
-0.0161426586602973,-0.000612595047727815,0.0127978533614908
0.0151617631555228,0.0120806991697844,-0.0228662837030651
-0.014995747024467,-0.00805453227474562,0.0258642928945587
0.00628934657797053,0.00557927032116901,0.00824200034627243
0.000824593711633348,5.05500677112636E-05,0.00999184256048569
-0.0253769956410954,-0.0267557408848171,-0.00964261157614477
-0.00253953763548243,0.00383681438500716,0.0083449641840101
0.0138049275489625,0.0127521045450631,0.0187803185613804
0.0106436956644433,0.0175740826859441,-0.0035744563074811
0.00774490828845043,0.00760195827813348,0.0148940902280374
0.00376838911597766,0.00199091145943875,-0.0282836777005402
-0.0173200709340682,-0.00989412279011503,-0.0205149361949992
0.0058067735296401,0.00785333830541202,0.0107028062942298
-0.0176907379310416,-0.0140494188296163,0.0121424001405499
-0.0197251737630344,-0.00699759272606837,0.0145487972315923
-0.0319314924291225,-0.0309021179984041,0.0197693597500281
-0.00159702190402733,-0.0109232615371884,0.00846054011100872
0.0309492383883878,0.0413672469540778,-0.0112131950181782
0.0260019534279516,0.0262770326653659,-0.00393356341236473
-0.00352910341411938,0.00829630771234236,0.00418410652257428
0.00520524316920668,0.00441636299162962,-0.00217356830726434
0.0121516194569775,0.0118758681526403,0.00509204839710709
-0.000165439259442124,0.00251282767526551,0.0197046601786868
-0.0006621572105594,0.00385358404455083,-0.0114953360361518
-0.0440077520409776,-0.0347805881654972,0.0421260129958121
0.0185158387245439,0.0276397891635076,-0.00341040339501753
0.0114846780930185,0.00925396105443888,-0.0116670577619864
-0.0201855488765892,-0.0145459341024594,0.0231210076547619
-0.00791332318032989,-0.00576057391119544,0.029027987494687
-0.00034549071540102,-0.0129103748734316,0.0160451110315307
0.0150894025236479,0.016429274054877,0.0117929549397466
-0.0176843615974382,-0.0273000698710089,0.0257109527427231
0.0248066909853497,0.030125765140129,-0.0543886218962335
0.0210674625541776,0.0203700285238115,-0.0213784269601671
0.00938664296944136,0.00693559712861713,-0.0129550864154391
-0.00164039530916504,-0.00274947705073014,0.0233540341642486
-0.0185589241380608,-0.015114137121623,-0.0476713490500371
-0.0112691796321514,-0.00808074540388759,0.0257387816311576
0.0332698688095139,0.0220074313889906,0.0371029148847484
-0.0164965802641719,-0.0224447632534295,-0.00342763760074405
0.00729208468734299,0.0033965627043262,-0.00252112009099026
0.0212391453178542,0.017288131698197,-0.00852703956284362
-0.00713829192293414,-0.0100003052914701,0.0140194726304186
0.019828220497037,0.0176362866156747,-0.018271578366587
-0.00560229215049812,-0.00440369434117383,-0.0400733839881546
0.00272504749892022,0.00426194661454193,-0.012088888861765
0.00701867011033475,0.00386741664389056,-0.00753797755345342
-0.00270590164117301,0.00258563499480857,-0.00983515364168497
-0.0160671832552062,-0.00872382437041619,0.0190042949794202
-0.0112388582003113,-0.00650970489274894,-0.0425348180381882
0.0042497961139798,0.00114340969660098,0.0029717574910002
0.00179250102691686,0.00380211981648415,0.00953477154388605
-0.00850228542931486,-0.00470718708065032,-0.032865391365867
-0.017391793262405,-0.012034809442067,0.0066600309479794
-0.00217441339749858,0.000819683122617043,0.000430967911003499
0.0177583237096925,0.0238129172894359,0.0227466306839048
-0.0234678294977151,-0.0213097664791597,0.0222407081804175
0.00938655165401414,0.0119475734211179,0.00934739011718122
-0.00837666167173801,-0.0121880016089557,0.0146638313899361
-0.00252670414489398,0.00704414460237945,-0.00306079385492719
-0.064977130557387,-0.0569337108201609,0.019492568250703
0.0132309789909186,0.00730277953265901,-0.0324839695137182
-0.0407849916245433,-0.0341473069072915,0.0026118174627614
0.0250309764254522,0.0213195300844768,-0.0105708438519363
-0.00307216599736826,-0.00657851138058696,0.00583187073800762
-0.0204797598565682,-0.0133918603216889,-0.00459693437976405
0.0157628005015567,0.0110868422604797,0.0245440736855658
0.0395773112346616,0.0319458033693039,-0.0184740208857175
0.00783499728640447,0.00958980365646944,0.0134034054994858
0.0148048944103518,0.0206443392192783,-0.00590786621061046
-0.00771940984561947,0.00202194456475979,-0.00341490027150559
0.00532420959322977,0.0100965074313919,-0.0312706329456223
-0.0343269386749743,-0.0363605920491636,0.00569802366456873
0.0302074395858618,0.0328790301993998,0.00641318694847737
-0.00361849425622474,0.00119368793467878,0.00430788733813881
-0.000172673912595123,0.000286261558527734,-0.00322914281606224
-0.044122210068716,-0.0376228587896241,0.0260307752792315
0.00252303620817251,-0.00925610275023026,-0.00429166833464834
0.0162460026981845,0.0279041444393187,-0.0114259097953315
-0.0115773226605524,-0.00883901548942756,-0.0103131971492516
-0.0674329370839328,-0.0604039028677086,0.0227934665160934
-0.0271967333196237,-0.0216478084972156,0.0191888942171028
0.0202736170073345,0.0143263978644166,-0.00326579340072275
0.0198707514778973,0.0166566254784852,0.0155165139571949
-0.0295663869218026,-0.030237870063293,0.0110929826312063
-0.018287803220955,-0.00704788041501292,0.0213673394502925
0.0318355382403155,0.0283672986696804,-0.00373323738159037
0.00880386709293379,0.0159655997500039,-0.00459025248591161
0.0388689027922937,0.027004050285182,-0.0139765024855585
0.0145562836290547,0.0115579644492296,-0.00968913237635238
0.0114943684005988,0.00795804356271823,0.0132596667024556
-0.0138454151103691,-0.00618411671754604,0.00371226833538252
0.0142025023786152,0.0185353229288499,0.00876186875964802
-0.00842527565204065,-0.0117642608033623,0.0101261049950478
0.0240118655977826,0.01591184628455,-0.000985180452747869
0.0106634485908739,0.00571088506612316,-0.027053634231538
-0.0122464257975734,-0.0127138691619928,0.00791502735927097
-0.0147179148324028,-0.00296081083101285,0.0082361398327313
-0.00681130209736391,-0.00467749207847223,0.0139308906967592
0.00520228854834937,0.00355886292175267,-0.0162332943408519
0.02211892375992,0.0228523637405038,-0.00230759943145209
0.00349407699539039,0.000190208721806862,0.0256969407906977
-0.0110479172344142,-0.000999126772916803,0.0115668845572561
-0.0109929996412594,-0.0170435626738703,0.00613931313957394
-0.0324333333512183,-0.0160097069458303,0.00125279628255992
0.037058000517749,0.0323389232795952,0.034669717564185
0.00195019320265111,0.0129210959643826,0.0213260616703286
0.0218980462487597,0.0148434762571856,-0.0369559172902481
0.00432264879803501,0.00651168919813649,0.00295828823196587
0.00670623092547817,-0.000552584855243232,0.0196895681713896
0.00154123080122481,0.00487020300244012,-0.0254699530736158
0.0115686951897072,0.00128258554810845,0.0149600158918837
0.000845367169898026,0.000366071273038671,-0.0098282298717054
-0.00916809654892248,-0.00573619744398535,-0.00252648269708544
0.0100128140924465,0.00495801346084779,0.00194956029188997
-0.0194379412435026,-0.0235849987310823,-0.0226892863420201
-0.00431369821012417,0.000421874325619243,-0.00569805264106105
0.0222307240637454,0.0122044107161132,0.0152450370755286
-0.000507529303126475,0.00143421131927113,0.00503035492283832
-0.00576957585256732,-0.00584232095462234,-0.0264540087190586
-0.0128459421970124,-0.00896866167237409,-0.0175515927360594
0.00738518283945844,0.00402716830289407,0.0129862244794783
-0.00841998043209813,-0.00675235838799804,-0.0216872366231771
-0.0211011239888137,-0.0189513390796519,0.00984033672089879
0.0205832575015217,0.0370421204066753,-0.0764814575592236
0.00172507011906742,0.00956505885279579,-0.00979877282706188
0.0131840014039906,0.0137268836140825,-0.000248262338546468
-0.00682715614457408,-0.00834098947046513,-0.0101490034263776
0.0323533183910003,0.0306171611283048,-0.0177144951741326
-0.00782361401727805,-0.00651093546007164,-0.00306853813302244
-0.00805372707482555,0.00297288484171609,0.00773849393173087
-0.00320598339838529,-0.00970539141649152,0.00910702137301289
0.0202433162256348,0.0163291017393634,0.0144175452275483
0.00528576866589425,-0.0007044585272169,0.00371637667399405
-0.00346562076780899,-0.00136626016870434,-0.0113575945618845
0.0115056651647238,0.00978698512072374,-0.00258801487175386
0.00261139125383192,0.00161460670523628,-0.00528013011230932
0.00617488270500743,0.00941744276795387,0.0146816294169927
0.0111156785179842,0.0153453585623762,-0.00365026486336006
0.00256005999194908,0.00699411175665787,0.0139481684307308
0.00573610231705146,0.00707130088079122,-0.0220426860959631
-0.00254533784754329,-0.00306650269325282,-0.0177519326735416
0.0115608154168303,-0.00278060366389088,0.0117852853587204
-0.00679355626416012,-0.0134640619306836,0.0187046025578166
0.0028494002223356,0.00800687777813991,-0.00140732811440891
-0.00253244597942182,-0.00229332305090235,0
-0.00811522199074499,-0.0115029918196443,0.0226072543377729
0.00684662021840676,0.00890608272457438,0.000566776212240328
0.0197963782859958,0.0147674653814081,-0.00967922026127432
0.0114463413676029,0.00678136937311713,-0.00870139754821508
-0.00015372617010545,-0.00300828016506038,0.000824118012650033
0.00368490912639707,-0.00280751165309923,0.0189316115924569
0.00884964309187897,0.014166351343146,-0.00186088265413797
0.0117790362934684,0.0101260082742094,0.0171822720704347
-0.00572114240526656,-0.00311741711911484,-0.00975930631945765
0.000603672261846988,-0.00316841852398309,0.0155536291866127
-0.0110765982050767,0.00201743893221185,0.0112542038634356
-0.000763230628877842,-0.00548534899538389,-0.0210367268724507
-0.00229307648482902,0.00128122005601661,-0.0193679511825788
0.0209004262204537,0.0141491357593884,0.0049583568586824
0.0058282969185397,0.00536110177583371,0.0189548729360878
0.00134012885109946,0.000121504197390543,-0.0144245071596885
0.00489872339425368,0.00202298172483584,0.00835951268542523
-0.0176281877294988,-0.0133870066405528,0.0119352148510865
-0.0001507594640211,-0.00579254499734194,0.00150169906991593
0.0106456769255709,0.0075933249224649,0.00551310320945841
0.00979521073390721,0.0133226942927278,-0.00448695754568007
-0.000295371388277843,-0.00509687002624482,0.0175957618903793
0.0129166222577259,0.010529175628375,-0.0167282833446993
0.00174854692247184,0.00100274760243035,-0.0052161950917764
0.00189073216675695,0.00715042211164008,-0.0114760170628747
0.00839249356455696,0.0124210435796561,-0.00942230289179147
0.00860835254987347,0.00227755474282798,0.0181211034862105
0.00456100698774709,0.00843651638232146,-0.0149704201065557
-0.00185036351195489,0.0023309366466453,-0.00598663295562307
0.00568255400364226,0.00286741031363391,0.0192870134179444
-0.00297934666039179,-0.00139395176164658,-0.0123329898975042
0,-0.000891601937119901,0.0182846799149203
0.0136882296686141,0.00964848726696843,0.003238706240694
0.00265942409127451,0.0156247463759049,-0.00197355496444729
0.000977990913830773,0.00396256271890216,0.00110566577850246
0.00501464493886861,0.00375926145994043,0.0130177779861631
0.000416736535065354,0.00374518232385146,-0.0282889393528789
0.00124916860129964,-0.00243286389811281,0.0166121054990169
0.0279049840003891,0.0242850021917018,-0.00910646137308468
0.0143309187561638,0.0163242271937696,-0.00951134102947204
0.0095289398095515,0.0089194801145398,-0.0117942971412255
0.0211138138664859,0.0217648515109161,0.00429758449733964
-0.0401290845398448,-0.0396115141979454,-0.0329839872053892
-0.0530683118547071,-0.0519718847304329,-0.0138095774923741
0.0447102810665445,0.0434403072925864,0.00650749508037407
0.00162309134364058,0.00584137388494099,-0.00489784664321658
-0.024351392281166,-0.0207072814274891,0.0018606333571336
0.0289361355869167,0.0357370226479326,-0.00372467041996227
-0.00919049974471431,-0.0168878942560218,0.0159854816273954
-0.0495440853630544,-0.0607044943570987,0.00300025741151444
0.0227106267791433,0.0195708713159046,0.0142936573186843
-0.0123492626681214,-0.0131200562653735,-0.00658441104579932
0.0195755903772925,0.0206915482236747,-0.00165286771714346
0.00331764008012225,0.0054911809111422,-0.0203884271215058
-0.000690210856633122,-0.000187511655635575,0.00362334761646199
-0.00262742922348913,-0.00202789719327168,0.00084074727733352
0.0201501051577999,0.0253507633754628,0.00201499095911206
-0.00735498958395286,-0.00558647324362127,-0.0170872390490597
-0.00328629427957772,0.0030176196950702,0.0203528846532146
0.00232890251914419,0.00531384560338566,0.00566857377122432
0.0118343913236654,0.0166371341997165,-0.00642127267116344
-0.00433663381081484,-0.00381761446371787,0.00708600762632727
-0.0221087024685405,-0.00866156744047597,0.00124529116876548
-0.0125751817849675,-0.0126736670344965,0.00982466058509335
0.0106293938800697,0.0151457607350514,0.00842643161707901
0.0107930534889782,0.0150269771901606,-0.000244419108624605
0.00178751851414027,0.000321835036512397,-0.0161002250374827
0.00766388807845964,0.006202196795007,-0.0108235428882448
0.00027268637429767,0.00771655310521258,-0.00201104360941695
-0.00986175914113385,-0.00155269434054439,0.0120061673324043
-0.00123963885928546,0.00668755402335819,0.00264856706334182
0.0127355413123071,0.00855800034505894,0.0107700102611981
0.00434487723259291,0.00969163294389919,-0.0106047350910634
-0.0187355239873845,-0.00937866208217919,-0.0155752348408065
0.0142546393142489,0.0113401807063314,-0.00488047250215207
0.0163329410242437,0.00380869388598448,-0.0123065806806739
-0.00577376954032527,-0.0043589128146877,0.0014506822741831
-0.0177982443806002,-0.0100252986575109,-0.0367371933718754
-0.0379986151651721,-0.0421155760673493,0.0125710441189248
-0.0022808799429237,0.00108651871006504,-0.0066614510091334
-0.037811665295278,-0.0403319691563482,0.0111938098978328
0.0306503628170836,0.0244233429355223,-0.0263462781879467
0.00872993895459207,0.0213598400193487,0.011981492196786
-0.00858617846392651,-0.0146152073938328,0.0118396340370124
-0.0310906586305926,-0.0390381082225675,0.00382877641781931
0.0346772056705262,0.0460277718793414,0.00164882616779138
-0.0392837606183889,-0.044812907754487,0.0263556091557273
-0.00822562133351479,-0.0118313190385546,0.000590989022647648
-0.0667534471637685,-0.078936363990036,0.0187296262785699
0.0247356446168032,0.0288688410997491,0.00272988402334029
0.018773324939068,0.0185553346024472,0.00871857424851719
0.0236949904733752,0.0257753732496795,-0.00971041452254795
0.0238795260344657,0.0284732254015312,-0.0113935513249457
0.00204977207044088,-0.00255521215330212,0.00808035747664526
0.0126445273574296,0.0159752531822068,0.00356123038992173
-0.00303752442373639,0.00151704342651815,0.0114258725548764
0.0212133989960703,0.0251911464292389,-0.00302865302858457
0.00973820152836957,0.00636116320910762,-0.00336689833125714
0.00294519128771942,0.00457502661982723,-0.0242279343647107
-0.0208002003015002,-0.0214830274694435,0.0242279343647107
0.0298613048973779,0.0246517557130312,0.00147953590528527
-0.0100419428422001,-0.00734981747162955,0.0252233525591867
0.0112901777710226,0.0115003525632309,0.0125747921343438
0.0216625111630666,0.0213299257011741,-0.0192444446709903
0.00406058243405472,0.0054947913819321,-0.0110256538672493
0.00134987165204059,-0.000482659357176729,0.00187322086961306
0.00323240002878134,0.011621112533712,0.00737708372602253
0.00469513861109494,0.00211083802538781,-0.00121221896886237
-0.0249335949922793,-0.0203741355216813,0.00877584088686501
-0.0122870244581188,-0.00787546237248016,0.00989078713535463
-0.00696964090999064,-0.0107629950565089,0.0141075038540519
-0.0197774716336712,-0.0269168115778333,0.0312032020383581
0.0372488277880416,0.0439920478216864,-0.000682902749836956
0.000412269359904016,0.00558152931554901,-0.00212765100256718
0.0131041884247267,0.0162537959323794,-0.000228339140218914
-0.000406901055701958,-0.00340715832161376,0.010445182262691
0.0118679380900204,0.0184632828562137,-0.00286536839693063
0.00347968960926259,0.00731088531123003,-0.0168288114496535
-0.008452418400271,-0.0116423663770586,0.0112253570782928
0.0085860385499803,0.0161557509374246,-0.00167199626762482
-0.0318951977848379,-0.0315853394813912,0.0376191337813294
-0.00733616355676947,-0.00342325411909705,0.0256016917217314
-0.0103339208528457,-0.00954402478671668,0.0424971464041244
-0.0112931101476921,-0.0139447960041466,-0.00116401233449004
0.0237086901499826,0.0263310062760835,0.0090028710702672
0.0200390887374633,0.0189674630800054,-0.010168344571408
0.0144354253621,0.0101479945060952,-0.0655496212463964
-0.00577609618406072,-0.00937657263258984,0.038434542398937
-0.0112444699438523,-0.00970228914770832,0.00590259849016928
-0.00491670758769569,-0.0035607932255699,0.0225834601310675
0.0126523732811394,0.00653539281514703,-0.0387577951546643
0.00660243404655692,0.00568786536852794,-0.0061424419768894
0.0126778846281921,0.0121088419774047,-0.00762317632946186
0.0148735511817764,0.014940905141458,0.0146196761318418
0.00819726478298577,0.00910452967625108,-0.0410265099141443
0.0028468086537039,0.00918282048582508,0.0209050842089775
-0.004013698094254,-0.00266565260965557,0.015414837239196
0.00595007674852965,0.0107154932006726,0.00371008050552835
0.00424686081032455,0.00178008745664204,-0.0148511681998418
0.0128868706143574,0.00775091179317844,0.00497486288035542
-0.000126713240561571,0.0106889304323579,-0.0173387455210152
0.00858483091249251,0.00661906541086577,0.00489115421760022
-0.00213938039206774,-0.00139470847879775,0.0130228130218208
0.00803014872341556,0.0101833497973969,-0.00489979854591471
0.0159924187159355,0.0189770032617567,-0.0030384032544335
-0.0128730698708823,-0.00962600721191809,0.0289916589835197
-0.0272778128867532,-0.0216456660972311,0.0265311215638331
0.0286472574148808,0.0320245152955003,-0.0101265032933107
0.0131012279291003,0.0161245468757123,0.000830579172607315
-0.0133500352382372,-0.0122788543140349,0.023856972591763
-0.106245792259344,-0.118345446369974,0.0479406416961066
-0.000415236744237824,0.0040422533212352,0.0711925393900188
-0.120660036432354,-0.099379442565855,-0.0800527112867311
-0.146241733270445,-0.163052018028563,0.0350419765136065
0.109005985367232,0.102199911301642,0.0505717421521972
-0.0277818245586898,-0.0208535924383417,0.0047590991609745
0.0992575552222199,0.114145731660914,-0.0186294322130918
0.0232741758257875,0.0298868007326929,0.0145260548851116
-0.0135106507495815,-0.0128862348298018,0.0178950520729284
0.000149497584056135,-0.000636286336068714,-0.0170611266496961
0.0345190822913217,0.0335549228387348,-0.0239218547744056
-0.022190753964022,-0.0212891771671373,0.0165113731194078
0.0298139302934839,0.0314954302015567,-0.00698253380536062
0.0342262866044978,0.0296140246165804,-0.0119100072071303
0.0569198597048466,0.0481765510192957,-0.0468023843418512
-0.0435780594864852,-0.0485381301380246,0.0388856024454078
0.00735098456141259,0.0144573723128723,0.00055435239470647
-0.0180653555562849,-0.028226509866462,0.0174586330133533
0.0346101637412577,0.0397910441477798,-0.0100962035116163
0.0194206675310502,0.0170211003002745,0.0166105025908294
0.0108010916403529,0.0129203746299194,0.00270179352858868
-0.00129514938925634,-0.00261436915143065,0.0175923155641575
0.00658782335798769,0.0174239322576915,0.00739566959890503
0.0215254118107833,0.0243549781934158,-0.00657122231487506
0.0102796403529553,0.00676188215998863,-0.0402384930714241
0.0054726807367711,0.00780703817386463,0.0183380229430261
0.0272849336979384,0.0321738200292145,-0.0310424653945756
-0.0219654396207396,-0.0231128497310387,0.0100044703579334
-0.0155427431361233,-0.0251554275083619,0.0106350872684899
0.00125232917124585,-0.0102602145919866,-0.00554787824352765
-0.0165314535891552,-0.00582361710154888,0.00943137467419319
0.0166566289338626,0.0154250467536636,-0.0144571716332216
0.0357685272183188,0.0382306021146563,-0.0164791468739924
-0.00447756244044228,0.00126776296151387,0.00808765805120171
-0.000121226355572546,-0.00435745924347142,-0.0211655048671418
-0.053568703820674,-0.0572502522802525,-0.00278843694247577
0.0714810399148869,0.0698377244749393,0.0116096721621801
0.0243641745226961,0.0224220907075239,-0.00787232060162957
0.00406149066831851,-0.00776539668738874,0.0209598242223059
0.0235763399177769,0.0232000025874859,-0.00801914783323809
0.0142626553272427,0.0168506345879056,-0.0318332903201588
-0.00581523257572147,-0.00964489807701519,0.022742052913439
0.00692967016605817,0.00783167368176052,-0.0154874716971829
-0.00211855402401451,-0.000487666100773332,0.00612202326592293
0.0125341877019967,0.0131382593336946,0.00279349084429281
0.029541691772816,0.0195466793256909,-0.0414878352451886
-0.0136848670684673,-0.0146905976285572,0.00329880866438703
0.0172102614923659,0.0189306518415613,0.000395110681347788
-0.036158265227348,-0.0340294401880339,0.000789753333528154
0.0438073117819977,0.0465654187189211,-0.0264655731671981
0.0193895770032002,0.0126355833862952,-0.00623433726801093
-0.00530775572673559,-0.00666954271767928,-0.0264496186847429
-0.0352590375878794,-0.0251055219532113,-0.00104758664277416
0.00485251337987158,0.0085604249850979,-0.0298571373110725
0.0234954635894358,0.0268246166279962,-0.0207303207991636
-0.00463397152012046,-0.0116906314540648,-0.00967473718420742
0.00631380038872464,0.0165511883549687,0.0140749063607544
0.011057879750747,0.0116246162377855,0.00620048563761255
0.0189092463972251,0.0267963458419258,0
0.0146533562397,0.0139248573529827,0.0126460482815434
-0.001304996934965,-0.00124704939722253,0.00572823472720874
-0.00362283379439887,0.00134285563641701,-0.0101902437912953
0.0142144349991353,0.0114842638904378,0.00424657022990971
-0.0153240392687426,-0.0132111344755632,-0.0155625008708693
0.00141199607417075,-0.00394455041121855,0.00429479341056371
0.0143095480701509,0.0122160278321557,0.00557753262773009
0.00831108316599938,0.00607615444382148,0.0104908016414669
-0.00305913853209017,0.00403819478202383,0.0170799214962871
-0.021074443975424,-0.0223785514809007,0.0237478056879379
0.0250200154943059,0.0277844496625042,-0.0258581262525652
0.00491015413508844,0.0165289548301217,0.0211120811814407
0,0.00414152681885227,0.0102206571623631
-0.010933382427937,-0.00964406050356992,0.0114000549493181
0.0141609447406497,0.0197417257932253,0.00195472597424118
-0.00293373030180089,-0.00325572068765734,0.00684523347906385
0.00819273428585188,0.009035204413534,-0.0117055186215893
0.00783715676568608,0.00772175059320546,0.00519694935202786
-0.0169117210062595,-0.00575754577099996,0.0133736527462123
0.0190297656498677,0.0154209359809983,-0.00726643177549668
0.012519851323975,0.00626569663988352,-0.00860114186231265
-0.0154092210165571,-0.0170061175090614,0.00148358804380777
-0.00891304251717973,-0.00911108319188081,0.00517529328641864
0.00184721080046746,0.0056703674372125,-0.0152664035809806
-0.0215019311451066,-0.0220244932747189,-0.0106755103131695
0.00682456350484095,0.00830183696707465,-0.0241630046762289
0.021260800501965,0.0181282276351595,0.0219589448347506
0.0122760379581557,0.0161295615295849,-0.00622490518241126
0.0038054835589163,0.0134377438059161,0.0243997949959853
0.0161073433063477,0.0200054070793012,0.0108422260167531
0.000467121804122783,-0.00269290562833913,-0.0132827438380678
-0.00458692927120019,0.00346100505374825,0.00696677558786263
-0.0305810828979416,-0.0213833794928906,0.0145206350276652
-0.0101119081585024,-0.0121659732320314,0.0250603987284697
0.0317394928408694,0.0374870259935234,-0.036216519459578
-0.027448946860706,-0.0233620736402322,0.0131471158880814
0.0224188143920996,0.0230646590345938,-0.0154337288442328
0.00644919073326378,0.0092220827086873,-0.00222440739886043
-0.0142818767385284,-0.0188518313036123,-0.0408389199851094
0.00182038317485311,-0.00294366435695714,-0.00112525263650465
-0.0485413652745175,-0.059261803993496,0.0107095043841907
-0.00594606283972698,0.00902350881026859,-0.00348724012884816
0.0196182759507186,0.015157759059468,-0.0292075088379757
-0.0123667463994286,-0.0185349242365174,-0.00548219307023334
-0.0110999974058634,-0.0142452430085669,-0.000144706834526609
0.000202888015993885,0.00807359822377851,-0.00988739901956226
-0.0349971136820502,-0.0128289107409465,0.0243237452343612
-0.0247845675343577,-0.0283976789325697,-0.0387473631871584
0.0634272610549873,0.0565736421099636,-0.0109559596892117
0.0105576671415788,0.0182125463045146,-0.036478662460028
0.00449077088246419,0.000507969185948198,0.0285033171292781
-0.015149546301183,-0.0118825726655958,-0.0564033128270127
-0.0184670612513367,-0.0220936035612,-0.0355510062159015
-0.0285152056944922,-0.0272061042344918,-0.00631390435978929
-0.0284796410795538,-0.0335099092820572,-0.00451053994948669
-0.0120642623561231,-0.00160323513108995,-0.0495983506333007
-0.0165770930899525,-0.023664782654607,0.0201182938022617
-0.0134397241865125,-0.0305577481746466,0.0215795718337297
0.0510886200241636,0.0637072702095365,0.00479818829815493
-0.0087895695742688,-0.0114314664958277,-0.02594678368538
-0.057421342737376,-0.0518396313455716,-0.0196699307935635
-0.0557809163187448,-0.0633830492325371,-0.0149659186795237
0.0520802100665252,0.0641011053450962,0.00427347275052714
-0.0214305782507038,-0.0229227394158809,0.028550868046417
0.0114165141532601,0.0193016166287885,-0.0290840375182544
-0.0144989366196402,-0.0091497367740887,0.03184313304412
0.027058723283365,0.0255326254712021,0.0205384835651881
0.0373165037505894,0.0418854757268514,-0.00949242427800368
0.000111351362714451,0.00358590988678476,-0.00820867438038153
0.0309099535759811,0.0324332287444848,-0.00793037646429617
-0.0205001716449686,-0.0116811448651246,-0.0219616166556849
-0.0321289755052909,-0.0406848468848944,0.00511782482696699
-0.0341370098566154,-0.0327783279420908,-0.0303811917721433
0.0322011422108908,0.0359560437594402,-0.0174809162235077
-0.0435662357014737,-0.0531330996216886,-0.0115146399867996
-0.0510489394055051,-0.0467497240352675,-0.0128779593156221
-0.0251217948000555,-0.0297072566607222,-0.0312300191071806
0.0151739580035368,0.0155843421309756,-0.0143533640115558
-0.0182624367935249,-0.0143252319673772,-0.0242545283042581
0.040909700691266,0.0455319747943639,-0.0563411907718185
0.0303404063311659,0.0385998070918729,0.038221263999457
-0.0119530291793097,-0.0331111502393098,-0.0270145395811792
0.0619312108145564,0.0572130388254495,0.0382119068104876
-0.00744854072316947,-0.00624265364522092,0.0177192912301489
0.0154086076408859,0.0157826511376031,0.0321939734003465
0.0160668619746653,0.0113194257523439,0.0399119105474668
-0.0268852171296397,-0.0340702164946078,-0.00712208533274072
-0.028098890855123,-0.025782150290504,0.00730886659141561
0.00164724585037934,-0.00093968879765427,-0.0473161019038146
-0.00211839917600543,-0.0012543733544943,-0.025779794593654
0.0254739273882612,0.0146658585054178,0.0549127180852285
0.0296469180148309,0.0264960288937379,0.0148164810460738
-0.000223062806376184,-0.00659635086770738,-0.00516557203684531
0.0187809825264962,0.0244535060700235,0.00479078597700156
0.00534845847148713,0.0163078646485619,-9.37363424746707E-05
-0.0116063663250996,-0.0105072883254467,-0.0315128900112045
-0.000991724682966044,-0.00191340365448589,-0.00981688549310444
-0.0285142075899918,-0.0270784666864996,-0.0138678990961161
0.0232086162666363,0.0195117110613943,0.00907033888990405
-0.0438373904964609,-0.0462808793296619,0.0356698411401775
0.00242871898835872,0.0105168815821601,0.0118623323485147
0.017065040900766,0.0146616260325132,0
0.034597871946553,0.033885583959627,-0.004502359399992
0.00109635435762545,-0.000488680903115046,0.0201030131257189
0.0113315756648351,0.0079596088412961,-0.0323046389676351
-0.00140949643275778,-0.000630512588230658,-0.00649229217844205
0.00454642676855332,0.0090082611916813,0.0195396290806436
-0.00302865335391278,-0.00796563978890852,-0.0148571429903361
-0.00663010557153676,-0.0025236201386436,-0.00592851954766793
0.0137545276152249,0.0169358761803036,-0.0308735456732192
-0.00333995408733045,0.00333872751947162,-9.89379939193569E-05
0.0153148125868174,0.0186339905674675,0.00886357537719995
-0.00479409599268355,0.00461631570264043,-0.000686574458691247
0.0257235607246882,0.0219940717202691,0.00664974400630847
-0.022844281016865,-0.0143241018633873,0.00708985008216434
0.0213861057086691,0.022979042643704,-0.00378145000532193
-0.0129034399497661,-0.0107278192428888,-0.0382186948396708
0.0308772513553182,0.0241724961179628,0.0220600756356539
0.00316857792054304,0.00643401577022562,0.00433457906673862
0.0122725726799064,0.0104280358026445,-0.0190539235661618
-0.0261452556563579,-0.0223749073940436,-0.0334145260232752
-0.00549935268503621,-0.00259956597823141,-0.0120897358246372
-0.0250750306124186,-0.0207455016013096,-0.0169191527581658
0.00796986284640688,0.00791817026449682,0.0153450769543122
0.0239487867833006,0.0251819966845606,-0.00389333629245225
-0.0149924184900083,-0.012646427606863,-0.00507342515609999
0.00512685255706469,-0.00483748974021214,-0.0150539718826535
-0.0270801139837342,-0.0296431175153824,-0.0165956277408421
-0.00958903394726995,-0.00685397800934506,-0.0304264845983697
0.00119016088400326,0.00480735917242914,-0.0449695488022757
0.00313083425653904,0.00455262199414186,0.0327175315314632
-0.0258789912023056,-0.0241834664394602,-0.0511671777830367
-0.0202253411911109,-0.0252697394876273,0.0134839448696233
0.0570393071960957,0.0568188343793477,0.0379114529932689
0.00552895238645057,0.0135269582123252,0.00409977365454761
0.0276081475422565,0.0228415209007915,0.023030878827174
0.00954686030274843,0.00995489744091405,-0.00266901691444499
0.00884919326746836,0.00831154901992637,0.0349069282253218
-0.000405154626354154,0.00239313957705711,0.0165310975316961
0.0226372059511135,0.0196449130147398,0.0476108353062941
0.00207765677396665,0.00916252229391645,-0.00678035439174263
0.0058142203383893,0.00349857817034938,0.00405344996879542
-0.016745447763781,-0.0156698477743467,-0.0265424851722447
0.01359615173586,0.0185480210261257,0.00238572521694902
0.00216622008686063,0.0119904264945712,-0.0254984738798338
0.0118309775150749,0.0102698481710624,-0.0033001314525567
0.00832451453873517,0.0141381151665145,0.0241254886002773
0.0121678557299205,0.013761466687833,-0.0233793424712303
0.00171265789965602,-0.00337760991888292,-0.0116822113568364
0.0149086947887431,0.0165585029452142,0.0118953401913409
