Date,ACWI,SCZ,SPY
2020-01-03,-0.00865483551868973,-0.012651316460560835,-0.007601048398628407
2020-01-06,0.002265010544927115,0.0006444484792726968,0.0038077933214362147
2020-01-07,-0.002516952631878233,-0.0024187954605841,-0.002815737819690689
2020-01-08,0.004902270997414249,-0.0003229526635708524,0.0053153843094788655
2020-01-09,0.005626735155671803,0.0038685038944574757,0.006757763910631098
2020-01-10,-0.002246915342719369,-0.005161296858002373,-0.0028818539244586105
2020-01-13,0.007470230279359669,0.004839487396070652,0.006853806284860653
2020-01-14,-0.0008686442477801037,-0.0004828777445435861,-0.0015257860188455652
2020-01-15,-0.0006209630849678405,0.0,0.002257307461584368
2020-01-16,0.007302419370899038,0.00433771190421961,0.008283978494246114
2020-01-17,0.0027093763984247232,0.0003205715261929143,0.003107697039911095
2020-01-21,-0.005426019123182968,-0.006108378775362411,-0.001960119478876976
2020-01-22,0.0007416262078132618,0.003701614291609978,0.00012075499797425948
2020-01-23,0.00012358233240838956,-0.002412570976702888,0.001146215804952888
2020-01-24,-0.008312259287921009,-0.006462021091464543,-0.008932858535968258
2020-01-27,-0.018736768275288362,-0.019640578239853212,-0.01615927078599899
2020-01-28,0.009349378085687476,0.006589834734538336,0.010424653738215994
2020-01-29,-0.00012569335252266,-0.0013145225398032423,-0.0008263669800951945
2020-01-30,0.0,-0.0016455240403505655,0.0032400993602701433
2020-01-31,-0.017764729344629693,-0.013429719642298998,-0.018324781429623016
2020-02-03,0.006762370641367532,-0.0020049953436860335,0.007401083897971894
2020-02-04,0.017021132076937562,0.018066292892834568,0.015126295011474333
2020-02-05,0.00945636194825461,0.010620109815214995,0.01148183961160587
2020-02-06,0.001979508978498856,-0.0016265207695465023,0.0033592066886782845
2020-02-07,-0.006572116230177727,-0.01080206646371007,-0.0053439099142300606
2020-02-10,0.004964040172727557,0.004105433110398238,0.00743759561792956
2020-02-11,0.005062721920823243,0.008810644488463026,0.0017315497884897724
2020-02-12,0.006629055656856231,0.003729222610794558,0.0064221056414970334
2020-02-13,-0.004537413359326337,-0.003729222610794558,-0.001067536168505967
2020-02-14,0.0009828235380195949,-0.000812595346278755,0.001600831996301899
2020-02-18,-0.0039370090790544765,-0.01111661749877868,-0.0025803258874645962
2020-02-19,0.004182517280153064,0.0055737248868128475,0.004769841309919087
2020-02-20,-0.005786427096859725,-0.005080688822999946,-0.0041167086031457245
2020-02-21,-0.007809116342476052,-0.005932789460809218,-0.010351661133343626
2020-02-24,-0.034949140016165,-0.042200354490376846,-0.033727841392333424
2020-02-25,-0.025978849883240507,-0.01686558678255068,-0.03077075060314094
2020-02-26,0.0009253711335279746,-0.0024578557299390624,-0.0036849962639191602
2020-02-27,-0.0356436298591456,-0.03524202047455827,-0.04595146753683821
2020-02-28,-0.010599543634320696,-0.006576508853874952,-0.00421039057374184
2020-03-02,0.03253978914303435,0.0150980223203514,0.042395004660122915
2020-03-03,-0.024133475051916875,-0.005430846771429465,-0.02905036247634829
2020-03-04,0.04021247493279212,0.023855458865431167,0.04117363701185894
2020-03-05,-0.031060055984010404,-0.033156124291568556,-0.03380675024137858
2020-03-06,-0.01797396978413701,-0.012537042603887993,-0.016669275633019787
2020-03-09,-0.07830213609327252,-0.07791141588767392,-0.0813125230418672
2020-03-10,0.044939865670372114,0.03391494561579478,0.05045058729381058
2020-03-11,-0.05305778324913657,-0.05519879791801374,-0.049976738450288494
2020-03-12,-0.10343362398217071,-0.12140054994398719,-0.10056886056624315
2020-03-13,0.06919364122185367,0.03701185460724643,0.0820280921987333
2020-03-16,-0.11895517619259799,-0.11516722507532196,-0.1158865374770155
2020-03-17,0.060583212299562206,0.024460803731390257,0.05258492094923639
2020-03-18,-0.06199169549243333,-0.05751744287897731,-0.05195975100253758
2020-03-19,0.006322476611287264,-0.003625991733379852,0.0021227225413289474
2020-03-20,-0.03220055049626325,0.0,-0.049913373039575326
2020-03-23,-0.017877154569677423,-0.005202945144110238,-0.02590075545834125
2020-03-24,0.07821455875837646,0.0823273452668678,0.0867309943625374
2020-03-25,0.027035490987234567,0.02818418917036425,0.014859233619037404
2020-03-26,0.05134299923854435,0.05453421780999301,0.05674869876971922
2020-03-27,-0.029709909047245908,-0.01829999003976468,-0.030238259991310912
2020-03-30,0.02180972586978136,0.0074049034060066354,0.03195952534580648
2020-03-31,-0.007483534939660252,0.002233191800925738,-0.015017586594123777
2020-04-01,-0.0469538919548107,-0.04517198957774049,-0.04604904148877953
2020-04-02,0.01990116659322272,0.013905259836409556,0.022813182552416933
2020-04-03,-0.015055290127222953,-0.03251366634510733,-0.014559672253661837
2020-04-06,0.05984963317704928,0.05166173568098964,0.0650067374854304
2020-04-07,0.00109846533603708,0.01745789132510156,0.0010189609599748906
2020-04-08,0.02386607485960912,0.018248320378642546,0.033017294838592726
2020-04-09,0.014443381849524428,0.028775876549739454,0.01510273837691578
2020-04-13,-0.008032153122962349,-0.009571502414932098,-0.009172087816788022
2020-04-14,0.02539011744788411,0.015270655425268398,0.02906632258223585
2020-04-15,-0.025237935844209858,-0.03687443320707473,-0.021477091502921652
2020-04-16,0.0042507847158610446,0.00977951400009447,0.004812695780353593
2020-04-17,0.026903362629214556,0.0207604545023945,0.02665696168981313
2020-04-20,-0.01470720833064032,-0.010005350144112413,-0.017775024816056195
2020-04-21,-0.03115995099517921,-0.01726419765361742,-0.030833763390649693
2020-04-22,0.023196588697943277,0.013835136398276049,0.02195182651689276
2020-04-23,-0.0010565195110876502,0.005993142338566404,-7.173145408767567e-05
2020-04-24,0.010216439389382437,0.012933512173829875,0.013842458314099026
2020-04-27,0.016161614176056105,0.01131132930359291,0.014315484816993518
2020-04-28,0.00014710105751358782,0.010154510361363833,-0.004609026663485949
2020-04-29,0.026126348313677106,0.02665199671234264,0.02584169927586455
2020-04-30,-0.015593758050351347,-0.013949532561910338,-0.009354281772853135
2020-05-01,-0.026691807912839316,-0.020984116705208944,-0.026830161992587698
2020-05-04,0.0032825095096900014,0.0024917526796506273,0.0027544291637404683
2020-05-05,0.006976963440461503,0.0012434728771930637,0.009196902343131974
2020-05-06,-0.005339683706563569,-0.005191580684202446,-0.00680180181100809
2020-05-07,0.013149327701553304,0.01876923969251587,0.011994593193006331
2020-05-08,0.016449965346180484,0.019025112271715106,0.016410799949864163
2020-05-11,0.0010101695471957939,0.0024028632026129593,0.00020514089839540617
2020-05-12,-0.01701980311592166,-0.01816400170463517,-0.020132891412706577
2020-05-13,-0.013292198176280579,-0.006333611131113859,-0.017844129300901734
2020-05-14,0.006224981734157531,-0.010715133436596247,0.01189626989551762
2020-05-15,0.0008860960468268786,0.0031026545380292703,0.0045864327525579895
2020-05-18,0.03338970463525026,0.036699534954771185,0.030005007733441502
2020-05-19,-0.010188781124032431,-0.008195944940134314,-0.010324294894733299
2020-05-20,0.01659308611523258,0.020463588778650177,0.016845334676130364
2020-05-21,-0.008834413606094493,-0.006510785943787845,-0.006927885641061948
2020-05-22,-0.001145665726872025,0.0,0.0018972683277800328
2020-05-26,0.01859656920079278,0.03386192143151723,0.012245272426980591
2020-05-27,0.012439875459052452,0.006294762527868425,0.014769397145405705
2020-05-28,0.0008331739944189565,0.006066363529411589,-0.0018466536446242188
2020-05-29,0.002356667950233593,0.003396235437589823,0.0044460086888182815
2020-06-01,0.012658371624383769,0.022167223007948156,0.004033587965397878
2020-06-02,0.010878582150975369,0.011539666034244167,0.008246054531519498
2020-06-03,0.016232149976192822,0.01733206584128144,0.013220475147309507
2020-06-04,-0.0054707410282466284,-0.0034065228461388486,-0.0026301691177295083
2020-06-05,0.022621496981541256,0.015327346950953391,0.02530660249279837
2020-06-08,0.011574346371648225,0.011605543265849505,0.012015009972407675
2020-06-09,-0.00883113110516387,-0.013198607612869395,-0.007484634342423746
2020-06-10,-0.0027432152664843557,-0.006397757870327148,-0.005595627288951022
2020-06-11,-0.05788958608813921,-0.05949986279629238,-0.0593774079486078
2020-06-12,0.014311526601654023,0.018559004726206307,0.01190452946955034
2020-06-15,-0.0016409513435950984,-0.0033488460166992695,0.009292336713778937
2020-06-16,0.016423838424057813,0.012040555179035461,0.019064798523326765
2020-06-17,-0.0005386603474102358,0.005508630007707627,-0.004162497775089591
2020-06-18,-0.0012129705410748315,-0.003852845429474172,0.00038494520146148403
2020-06-19,-0.005680271630565059,-0.007009825072704867,-0.010122210350605343
2020-06-22,0.00998655858278319,0.011411847253681717,0.006394687803636501
2020-06-23,0.0046888487267686685,0.0034713187189634453,0.004593107838924304
2020-06-24,-0.02380423689052069,-0.022875036457002285,-0.025839694081199127
2020-06-25,0.010619552648718056,0.00836204367957949,0.010663485031515485
2020-06-26,-0.01955607862403408,-0.013788213175920827,-0.024038096459339187
2020-06-29,0.011397228663407866,0.007290421998587426,0.014590600813082943
2020-06-30,0.006532458721492773,-0.0013046259686024797,0.012728196521442747
2020-07-01,0.007432907121887489,0.005393873745435762,0.006980392070335739
2020-07-02,0.009247569234469566,0.004626639153507028,0.005491854742918356
2020-07-06,0.019028090428090394,0.015572330588670358,0.0153193207441511
2020-07-07,-0.011717590038681891,-0.012438362109444157,-0.010367352129633467
2020-07-08,0.010276753996728338,0.007518140009168839,0.007619548988834879
2020-07-09,-0.00617977403957326,-0.01268520430528186,-0.0057091876716759415
2020-07-10,0.008013187184486625,0.009208168323243449,0.010158770368597914
2020-07-13,-0.00880481617250961,-0.008468369588686464,-0.008696669557654246
2020-07-14,0.012331191509810324,0.011762668087455186,0.012875768095466533
2020-07-15,0.009859993682277413,0.010903293211570464,0.009145287724412476
2020-07-16,-0.0060861467241482,-0.004165601537395425,-0.0032988873886807824
2020-07-17,0.0035008693449229966,0.00434628865009401,0.00289487575637537
2020-07-20,0.008762946346713818,0.006843193703353734,0.008049099456827413
2020-07-21,0.003074533033571747,0.007509389242367881,0.002125275847297381
2020-07-22,0.003192646847324454,0.004797884985123346,0.005675918714983297
2020-07-23,-0.010381349789896355,-0.007116228792434676,-0.012003449762737262
2020-07-24,-0.005943925826970009,-0.003756360539955317,-0.0064612134078014805
2020-07-27,0.011083925553163176,0.0129975933787847,0.007265973018451888
2020-07-28,-0.006816292843894622,-0.005498861901944707,-0.006362589928742501
2020-07-29,0.0118026487394145,0.009206871771070269,0.01222371016311996
2020-07-30,-0.0065255444830869536,-0.010274701961890287,-0.003574304927252747
2020-07-31,-0.0029569136076084135,-0.01978123234435536,0.007871143932114855
2020-08-03,0.0105021420653717,0.017106691598290702,0.006928106146780522
2020-08-04,0.0052100462691040406,0.00835636882563584,0.0038551736353538146
2020-08-05,0.0068208032783916295,0.009866207076553835,0.006191746515834318
2020-08-06,0.003518460187352801,0.003150716798808517,0.006662293756876991
2020-08-07,-0.004526039989436903,-0.0028001391026242217,0.0007176581385701652
2020-08-10,0.002516952631878233,0.0019258833947919385,0.0029844531601987967
2020-08-11,-0.003525548675050061,0.0040150766611404265,-0.008288928022774478
2020-08-12,0.015643896024720938,0.0162436371462924,0.01384605169827502
2020-08-13,-0.002113223107138573,-0.0034340824223022537,-0.001809411795011151
2020-08-14,-0.002242436521455282,-0.0034459159935131822,2.9717119300443073e-05
2020-08-17,0.007207708875732521,0.00927683897457321,0.003171569384629258
2020-08-18,0.0011137472539273219,0.003243684114555556,0.0021580407948684766
2020-08-19,-0.005456975047137824,-0.008902586523315215,-0.004172416749373298
2020-08-20,0.000994334462304458,0.002404662558813442,0.003108728585502263
2020-08-21,0.001613865191944619,-0.0037813936352311117,0.0035411161582379336
2020-08-24,0.010610840800818089,0.010960880353383828,0.010082155503900125
2020-08-25,0.003919648358169603,0.0,0.0034931965962741174
2020-08-26,0.00815732473079489,0.009661905913640467,0.009975685076455854
2020-08-27,-0.003036009330525502,-0.008980807371405497,0.0021841631178043386
2020-08-28,0.007633129138681305,0.008474626990972567,0.006438619734780104
2020-08-31,-0.0060532873607463955,-0.0023656548532722255,-0.0036291143932034586
2020-09-01,0.008584770714864298,0.0016903059193387193,0.009374514174084858
2020-09-02,0.011372655995721459,0.009246081656460348,0.014360393117625492
2020-09-03,-0.030946567224857446,-0.024734432467760747,-0.0350204246264445
2020-09-04,-0.004923011745721517,0.0029117427949989505,-0.008198218003101054
2020-09-08,-0.023721480229125014,-0.00824321223258373,-0.027703141558992783
2020-09-09,0.01939373185448101,0.011487450115657438,0.01955490867363263
2020-09-10,-0.014855710678984835,-0.011142680404200966,-0.017516163589897715
2020-09-11,0.003640715917505588,0.009948655617152191,0.0005089689668960062
2020-09-14,0.01220585232547311,0.009343467942847461,0.013085281479949806
2020-09-15,0.006662589983554845,0.007748044365430751,0.0050396403919927835
2020-09-16,-0.0027090427007854245,0.004519978627376631,-0.0039765175958139665
2020-09-17,-0.005440107459560473,0.005995032358684149,-0.008834169361648492
2020-09-18,-0.00946696297743621,-0.006663321449139836,-0.015574449506466692
2020-09-21,-0.013862836277863444,-0.02384897238957784,-0.011191968358818194
2020-09-22,0.004684380463480409,-0.0015416934598038168,0.01013286813662706
2020-09-23,-0.018742197957765327,-0.011899811614554778,-0.023464099472422895
2020-09-24,0.0005146798474706671,-0.0027797072953470447,0.0026619179740414722
2020-09-25,0.010874520335522497,0.008661062351363213,0.016037664619023673
2020-09-28,0.015780167854671845,0.016930745114511758,0.01647292225680541
2020-09-29,-0.0035131628356861455,-0.001018007769411966,-0.005460909306987283
2020-09-30,0.004514688129785505,0.001357113524986353,0.0075533719259937016
2020-10-01,0.007479447651705939,0.00961626440468244,0.0063994795878121735
2020-10-02,-0.007604511866614594,-0.004206281867983108,-0.009539817709960374
2020-10-05,0.01638363117484598,0.017051573798224418,0.017577689434087773
2020-10-06,-0.010768130847190527,-0.007821010182449406,-0.014317981848638084
2020-10-07,0.013595543439335778,0.0059960307034439,0.01725691293391307
2020-10-08,0.008069534615404272,0.006950187944638309,0.008823468516179211
2020-10-09,0.008487948835923298,0.009192470715658985,0.00889051307911437
2020-10-12,0.011644105119033021,0.0057026382504092865,0.01595957276175941
2020-10-13,-0.006705779460427053,-0.013576687043840074,-0.006547472151973821
2020-10-14,-0.0048175633748694935,0.0004939290294769805,-0.006303238972996894
2020-10-15,-0.005204881282976359,-0.012089234581583952,-0.001236624060241276
2020-10-16,0.0006065565587975996,0.0,-0.0006044746150335456
2020-10-19,-0.009872681526660543,-0.003504953621715323,-0.01532018543497582
2020-10-20,0.0047656886679687815,0.003504953621715323,0.003997714914079964
2020-10-21,-0.0024410722178638267,0.0028283551046728306,-0.0018947226418672969
2020-10-22,0.0031722148336514877,0.0001661622444419919,0.005470303091080986
2020-10-23,0.0042546238873315545,0.0026542790233143876,0.003389430828210749
2020-10-26,-0.01700449980213392,-0.021603467858700043,-0.018652799378781282
2020-10-27,-0.0033368908106501394,-0.0069651152047232046,-0.0034533568368235734
2020-10-28,-0.03245978649758552,-0.03239779093746087,-0.034776689094975666
2020-10-29,0.007897159368822848,0.00474309984222554,0.01011219402145791
2020-10-30,-0.008664686079127293,-0.0019296665629990883,-0.010479600991129878
2020-11-02,0.010945770651097142,0.004904525132499948,0.01114608958853669
2020-11-03,0.018187983037774025,0.024168300771674645,0.017501869604410913
2020-11-04,0.020911027552783068,0.009506056307211352,0.022103140022991852
2020-11-05,0.02012477579850014,0.02535582856077312,0.019315027809857277
2020-11-06,0.0013114828747324836,0.002139055837107051,-0.00022840255085743166
2020-11-09,0.014431303297778975,0.028517783831879306,0.012487373892100528
2020-11-10,-0.0008224131749896557,-0.0015986969886343516,-0.0014676519969825108
2020-11-11,0.008310448402998993,0.005743484336762528,0.007401096949917196
2020-11-12,-0.01089961328996747,-0.01409829610518365,-0.009748265478456197
2020-11-13,0.013344449286875282,0.01775053582735797,0.013749537340944862
2020-11-16,0.012250211827843138,0.01353925915380838,0.012405285253222154
2020-11-17,-0.002415032963366315,-0.004388074684682941,-0.005392820493601569
2020-11-18,-0.008440770729323255,-0.0023586411249310046,-0.012107823670750584
2020-11-19,0.005096082504724819,0.005025131386227066,0.004201333813765196
2020-11-20,-0.0024289999715598753,0.006868566347193905,-0.006871371590023934
2020-11-23,0.0036989950976860086,0.002641160155506306,0.005976546496514246
2020-11-24,0.014774373258597429,0.012029855236621145,0.015985270793456685
2020-11-25,-0.0010236745130232094,-0.0046097660505663995,-0.0015429483273416977
2020-11-27,0.0061266460745166285,0.007671102325335077,0.0027811336248566576
2020-11-30,-0.01229105944688591,-0.017110253419741817,-0.0044369627439504455
2020-12-01,0.01409912898318666,0.025329491612628985,0.0108780094967873
2020-12-02,0.0020302319796217105,-0.0030363554659320613,0.00210155379216026
2020-12-03,0.0016887313283255878,0.006818794280395224,-0.00027268937840840834
2020-12-04,0.008735622482994643,0.0060223234399678915,0.008580723421316883
2020-12-07,-0.0023443949636261507,-0.010259599324875524,-0.002057027718363358
2020-12-08,0.003458832553962843,0.002423449104991704,0.002921889034866787
2020-12-09,-0.007041858332172524,0.0015116930706620124,-0.009009334055422258
2020-12-10,0.0026884508467892587,-0.0019656354210830784,-0.0003271493646561652
2020-12-11,-0.002576262680674901,-0.002272923598523491,-0.001173275973440191
2020-12-14,-0.010712224699400252,0.0013644202386098314,-0.004487213805949963
2020-12-15,0.012617073319669103,0.013093649646226169,0.013428850562282157
2020-12-16,0.0024597643741417485,0.003284093528134413,0.0015681226371864199
2020-12-17,0.007121420661671429,0.009345241553012862,0.00557638544858019
2020-12-18,-0.0045563634900238625,-0.004290912895517529,-0.008254471160338284
2020-12-21,-0.006369089094098612,-0.010733573548359132,-0.0035819189593357947
2020-12-22,-0.001682858182578073,-0.0031524319311353466,-0.001686832498408286
2020-12-23,0.004704901657444083,0.014034192993756633,0.0008982379475765967
2020-12-24,0.0012284915952180953,0.00488061076009938,0.0038828474093941523
2020-12-28,0.006564010643844043,0.004269434807474326,0.008554131171718105
2020-12-29,0.0019940219774561285,0.00819313392380927,-0.0019096114566616862
2020-12-30,0.0033145875521167767,0.001601523444318964,0.0014257821834267048
2020-12-31,0.0006615675285797096,-0.005689699499256129,0.00506795743521149
2021-01-04,-0.005526707924620844,0.002192204422711619,-0.013707503856706715
2021-01-05,0.0102553723544343,0.013485309892447894,0.006863719439442306
2021-01-06,0.005579601169189097,0.012452787066486337,0.005960712786412081
2021-01-07,0.010419011672746947,-0.002563743004342811,0.014748206878934411
2021-01-08,0.008814414501066459,0.007246845311154715,0.005681544077608791
2021-01-11,-0.008814414501066459,-0.01655992225747749,-0.006763647820053897
2021-01-12,0.0035565506282866366,0.007028614787512488,0.00021119682482240165
2021-01-13,0.0006453558869257137,-0.0011441911023704066,0.002689359178760675
2021-01-14,0.001504076206350291,0.00414139720805462,-0.0035081264856753336
2021-01-15,-0.01057643528896346,-0.0158003644871183,-0.007319379326411024
2021-01-19,0.009287330519346604,0.009510210692275756,0.00782129436932788
2021-01-20,0.012392036095881132,0.01084013610554102,0.013743811934586958
2021-01-21,0.00021227858789352183,0.0014176140484503108,0.000911240565867999
2021-01-22,-0.004681383710755327,-0.006252611228664939,-0.0035456950282215516
2021-01-25,0.003300563981178506,-0.004858597289976174,0.003936063384945676
2021-01-26,-0.003087253330749995,0.0031464732261277106,-0.0015621500362330565
2021-01-27,-0.02493784443190794,-0.024721159222824696,-0.02474408683215845
2021-01-28,0.008381877070236854,0.012509262906896801,0.008563429768650543
2021-01-29,-0.01981560851610542,-0.015881502208844545,-0.0202226964732386
2021-02-01,0.016884524203589102,0.012261195613381126,0.0165084909802804
2021-02-02,0.012639914820356424,0.015118033584551327,0.014041184037210996
2021-02-03,0.0017161436529882224,0.0018559110150633273,0.0007860055760851026
2021-02-04,0.006835436295222763,0.002137231317822952,0.011301605342968202
2021-02-05,0.005731292809841193,0.01061806503519147,0.003928132782376359
2021-02-08,0.007485923554511054,0.007715482246087646,0.007195986710036628
2021-02-09,0.0019938350175916497,0.004879163517083285,-0.000666042758298957
2021-02-10,0.00020968838799007017,-0.005438304112422188,-0.0004357475256622223
2021-02-11,0.004913947773524718,0.006966727681331442,0.0016137630790993285
2021-02-12,0.004786182269582717,0.005262508857748038,0.0049276238811204465
2021-02-16,0.0018666427874336478,0.005509676655043094,-0.0008663767311647419
2021-02-17,-0.0019703901994843065,-0.009107330107650746,0.0002294583990716248
2021-02-18,-0.006979539242971455,-0.010731015548058664,-0.004265086451425759
2021-02-19,0.0017755309282865284,0.006006867091087997,-0.0017675379341604014
2021-02-22,-0.010384584879342462,-0.0008360762310291037,-0.007721449861292307
2021-02-23,0.0007378901438235275,-0.0001393253888206658,0.0012136425422744068
2021-02-24,0.0056734054719633775,0.007638331897577011,0.010959056064222317
2021-02-25,-0.022353816911852675,-0.01913592987512125,-0.024390829950981185
2021-02-26,-0.008931931412471172,-0.01006325140094333,-0.005165940747434483
2021-03-01,0.02276344334582525,0.01946746335898375,0.02395106712203443
2021-03-02,-0.006466345914013516,-0.004620911769654512,-0.00783382361774354
2021-03-03,-0.011014374153669237,-0.005488711097949128,-0.013334212282538616
2021-03-04,-0.014404341153987588,-0.010926029787250435,-0.012452018277786081
2021-03-05,0.01397413125571667,0.0024225989787662883,0.01822941204113171
2021-03-08,-0.00886013037139044,-0.0037074351929673455,-0.0049912003973515695
2021-03-09,0.0168957444823441,0.016295103932445265,0.014176548996697846
2021-03-10,0.004471879014585234,0.0040676247606583615,0.006205293537590251
2021-03-11,0.012877539662978776,0.010305032700162364,0.01008809945007716
2021-03-12,-0.0018895691990818975,0.003181458532738546,0.0013458750409824916
2021-03-15,0.005344546547446427,0.002344965037648805,0.005945862646909994
2021-03-16,-0.00010454284106931055,0.004124788252328315,-0.0012621164725112877
2021-03-17,0.0029224400972012177,0.0038346583134920564,0.0034040808005606493
2021-03-18,-0.01353562748291992,-0.009476173613388816,-0.014656546126069259
2021-03-19,0.0007392121592211254,0.005778747055079414,-0.00512191230295489
2021-03-22,0.005054193357425518,0.0004114776794788,0.00795325665412605
2021-03-23,-0.011408192301201936,-0.018267872044560818,-0.007901935661561055
2021-03-24,-0.008320922738576542,-0.005321357665917681,-0.005096433296427172
2021-03-25,0.004489085989931141,0.006298529467891889,0.0056098116544633925
2021-03-26,0.016499636081146463,0.0148191857333968,0.0159864890043675
2021-03-29,-0.0023104528014084025,-0.008559973772197083,-0.0005052344367459938
2021-03-30,-0.0015783822513935064,-0.0013876248090172183,-0.0026564835295435074
2021-03-31,0.0019988691184975593,-0.0025024385915655145,0.004045148971267842
2021-04-01,0.012947845685051362,0.01601806813035811,0.010741185232807204
2021-04-05,0.011039572557709931,0.014551146756707212,0.014251081264419874
2021-04-06,-0.0011293118774275968,-0.008814234775863738,-0.0005907597654681851
2021-04-07,-0.0016448655087435426,0.005568824742796963,0.0011566272792054022
2021-04-08,0.006154481051050098,0.003785306326987481,0.004735548127749567
2021-04-09,0.0044893701746362424,0.002291235851680007,0.007243848936019148
2021-04-12,-0.002752479122960949,-0.00648294709254138,0.000364521800526596
2021-04-13,0.004684794095297207,0.009574600277864498,0.0029593004085990415
2021-04-14,-0.0006097932800592787,0.001475231364574725,-0.003420981241999854
2021-04-15,0.009410646712969317,0.006145631505759752,0.010685163961720257
2021-04-16,0.003920187834453692,0.007034321536187882,0.003336852424136616
2021-04-19,-0.004121681315261583,-0.0001322946406405734,-0.004925156345595205
2021-04-20,-0.010735342937892689,-0.01801848531909478,-0.0073484775781933465
2021-04-21,0.008819589254183136,0.00510475665783261,0.009417614757574633
2021-04-22,-0.006074107138063667,-0.002952143716187905,-0.009175085074076605
2021-04-23,0.010806545202069806,0.012553514197501059,0.010784054843067992
2021-04-26,0.002107261619745948,0.004370023954117563,0.0020854448563580874
2021-04-27,-0.00040105188881423004,-0.003706633525041525,-0.00021552654317691378
2021-04-28,0.001603167016089202,0.001325361003948089,-0.00028744100146038676
2021-04-29,0.0024000560837205143,-0.0001324874016370714,0.006352572384720645
2021-04-30,-0.009332266625140306,-0.012396031220188952,-0.0065921940600244255
2021-05-03,0.003924132230478605,0.010407016022971227,0.0021544578388956737
2021-05-04,-0.009484506933390868,-0.015516577480688909,-0.006188446669683323
2021-05-05,0.003642997466168474,0.009792865671144568,0.0003127485587297585
2021-05-06,0.007146113524211017,0.002533096605547236,0.00795386981184798
2021-05-07,0.0089856987116681,0.014672137212681235,0.007251634350647684
2021-05-10,-0.009888687154743003,-0.008168724807732453,-0.00995173484205747
2021-05-11,-0.008265339573667596,-0.01211162809710764,-0.008964816426748179
2021-05-12,-0.020863927822612816,-0.024123662814232283,-0.021474161224392496
2021-05-13,0.008028851848634666,0.00642651021484042,0.011940940721582471
2021-05-14,0.015665063433646154,0.0160889674725766,0.01523863729605246
2021-05-17,-0.0015150906818304222,-0.0033586383181187784,-0.0025477662854820338
2021-05-18,-0.0027328994958226716,0.004431049046782931,-0.008653007871549434
2021-05-19,-0.004673448640616584,-0.006181972186381834,-0.0026252253916858592
2021-05-20,0.011441474377862804,0.01511831951973619,0.010700500368251653
2021-05-21,-0.001108039485422374,-0.0007969920661858865,-0.0008190512307528763
2021-05-24,0.00783056681219474,0.005433763978082595,0.010142660245797686
2021-05-25,0.0,0.0005284525224924508,-0.0022211905080249394
2021-05-26,0.0023971032885627963,0.0002642223328388482,0.001982580798361333
2021-05-27,0.0010967707601228227,0.0021107664080242117,0.0005248371143391495
2021-05-28,0.0029851072092705877,0.0032892603701712986,0.0017871401816824672
2021-06-01,0.0032733434282699037,0.005240435630586404,-0.0008812450285224926
2021-06-02,0.0010886622654195932,0.003261368802758291,0.0015713649531692298
2021-06-03,-0.005256632935850547,-0.008633095163726345,-0.0037182681475318446
2021-06-04,0.009205710408160428,0.010974715951092229,0.009104302666706587
2021-06-07,0.0002955399273627535,0.0022064798748253622,-0.0009706641654227965
2021-06-08,-0.0004925900182310983,0.0001296705316935487,0.00021314277144490745
2021-06-09,-0.0025656431661884582,-0.004287136642239453,-0.001493026685412957
2021-06-10,-0.002176076269416072,-0.006792928122826503,0.004637614499841014
2021-06-11,0.0018796309943827083,0.002618105302783391,0.0016511283615736616
2021-06-14,0.0025664028764484925,0.0009147298503604517,0.002236455135696147
2021-06-15,-0.0019736001801389236,-0.008262848011587387,-0.0018358532711681974
2021-06-16,-0.006441101836316854,-0.0076679624223601195,-0.005599007397880662
2021-06-17,-0.001890590284324034,-0.009735300221358045,-0.0003316845189313966
2021-06-18,-0.013335554551092699,-0.01716612081431812,-0.016848461428616623
2021-06-21,0.011740621372121396,0.012599236264420277,0.014214439078662267
2021-06-22,0.00408187796939341,0.001210951595826515,0.005331955895781171
2021-06-23,-0.0018895380375010262,-0.005122751580946883,-0.0012060382755665344
2021-06-24,0.007042622910461205,0.00713758062039016,0.005898330097851456
2021-06-25,0.004044431279830896,0.00481929480358545,0.0035457628657757922
2021-06-28,-0.00029536532067009347,-0.004953422253532125,0.0020139007430977074
2021-06-29,0.0003937509773521697,0.00013412744994667491,0.0005379304425154885
2021-06-30,-0.003945107186900998,-0.004842530047175941,0.0008413231950274991
2021-07-01,0.004141999635975502,0.0005391384057293891,0.005521325035644509
2021-07-02,0.00461487602933186,0.008053816734809871,0.00761447541383653
2021-07-06,-0.004221282448465757,-0.0036162132644106393,-0.00182313222017072
2021-07-07,0.002161962478150592,0.0029474997558747162,0.003527825762564163
2021-07-08,-0.011055316736819698,-0.015096698192657243,-0.008181371774258928
2021-07-09,0.013114636707134864,0.01990119974588378,0.010618205050717755
2021-07-12,0.0029345166681791213,0.0017292622165889782,0.0035755197437579156
2021-07-13,-0.003424478479051807,-0.003861792209254311,-0.003414788434172422
2021-07-14,0.0013711989586298046,0.0010668334567460747,0.0014911026849908637
2021-07-15,-0.004217556284023871,-0.010046297237404467,-0.0034213749975133823
2021-07-16,-0.007597063291670203,-0.007838962263249094,-0.007874519500632893
2021-07-19,-0.015268983351983678,-0.02028572503557502,-0.014878052663657826
2021-07-20,0.011001195616522352,0.008548171831455065,0.014228704817838889
2021-07-21,0.010487852755359128,0.015799888620840363,0.008063698904327232
2021-07-22,0.001671812092458147,0.0063312829102617485,0.0020919392091567346
2021-07-23,0.006269067628293712,0.00522333451509116,0.010235435525560277
2021-07-26,-0.0005861026477829157,0.00506326541108848,0.0024518414542580302
2021-07-27,-0.006764349156991756,-0.003061509579791455,-0.0045679868775776455
2021-07-28,0.004612536655142385,0.00452243836113464,-0.00041015036141889283
2021-07-29,0.005468280287723282,0.006613780855527551,0.004138831952258393
2021-07-30,-0.005664095439891881,-0.0054200149900553996,-0.004868256855177222
2021-08-02,0.0004895780262463845,0.007000870895929268,-0.0021002482810406065
2021-08-03,0.007120202884554949,0.005120465267270724,0.00810254927436116
2021-08-04,-0.0020430914805960043,-0.005647139606312024,-0.0049310608548935875
2021-08-05,0.004276026290701118,0.0043367151975655105,0.006312891310266799
2021-08-06,-0.0016499814350545705,-0.00420499548907749,0.001651072964840239
2021-08-09,0.00048558439894463845,-0.0032975033763928963,-0.0008138757283822073
2021-08-10,0.0012613134661103587,0.003034046607049312,0.0012431773269288016
2021-08-11,0.0030980729959715347,0.008133361775520598,0.0024817965361680905
2021-08-12,0.0004832380137056447,-0.0009149689396830141,0.0029924683335327273
2021-08-13,0.0025089478909539054,0.004306156870758748,0.0018181841249580444
2021-08-16,-0.0013501727034430644,-0.0036525791880199776,0.002351887152353349
2021-08-17,-0.009307795088564497,-0.01262509037955617,-0.00657681329038784
2021-08-18,-0.006842022275734827,0.001983229700180722,-0.011005332567219028
2021-08-19,-0.005310278215939768,-0.009555497196234164,0.0015471260202364334
2021-08-20,0.005898547277422672,0.0014657956257009275,0.007925586914017124
2021-08-23,0.01004549736069027,0.011518003131229193,0.008758054757839417
2021-08-24,0.004550461373907133,0.005775084003214026,0.001586165779122517
2021-08-25,0.0012550552785288716,0.0020917255528827283,0.00209616176183669
2021-08-26,-0.0063879782076492475,-0.0035323728522165254,-0.00592066668424529
2021-08-27,0.009566729844390665,0.01327967210597425,0.008901220366444917
2021-08-30,0.00268919458942829,0.0027122920927435956,0.004387940207327468
2021-08-31,0.0006711702010697707,0.00038685641084956757,-0.0014826752766508022
2021-09-01,0.004113070000689056,0.006425931579642885,0.0005313280284990896
2021-09-02,0.0027644163103630603,0.007784134589571501,0.003071891968998486
2021-09-03,0.0022820002224248626,0.005198156390857633,-0.0002427882882907184
2021-09-07,-0.0015208031017994728,-0.003927850358548923,-0.0035819242678236662
2021-09-08,-0.005340952770050755,-0.00879820554248223,-0.00121898525892572
2021-09-09,-0.002681211780320325,0.003707270555272757,-0.004289403379350354
2021-09-10,-0.005866253364386509,-0.0006382417853867395,-0.007915804602961707
2021-09-13,0.0036583968532291067,0.006363773569320941,0.002555962345060614
2021-09-14,-0.005975874334882114,-0.0039407354752274415,-0.005411123266717333
2021-09-15,0.005975874334882114,0.0002546694225413759,0.008317948028820688
2021-09-16,-0.0025979966024758383,0.0001273589643266959,-0.0015864847538580307
2021-09-17,-0.009973442767932994,-0.008952669975569982,-0.012987385545186747
2021-09-20,-0.01777087850176695,-0.019589321032079887,-0.01681476455605413
2021-09-21,0.0023746473401633494,0.0062687384265425194,-0.000945068254706527
2021-09-22,0.00914865740029569,0.003509059075830656,0.009707543940328911
2021-09-23,0.010907734889609166,0.012249485183231101,0.012076800409974275
2021-09-24,-0.0028129503278337964,-0.009140702091436026,0.0016458558976699678
2021-09-27,-0.0010690570427795976,-0.0028493896148340525,-0.0028650157490215378
2021-09-28,-0.019936813939959386,-0.026016389315776323,-0.0203576642647203
2021-09-29,-0.0016877459605231238,-0.007080470592049082,0.0016817239644035809
2021-09-30,-0.00717993939531425,-0.0024160102460974997,-0.012297651231543583
2021-10-01,0.00837162519346979,0.004157419633166626,0.011814114006162946
2021-10-04,-0.01238287742596178,-0.013337992725971581,-0.012979914186982633
2021-10-05,0.008604361605319077,0.0043307643942824825,0.010351222342687372
2021-10-06,0.0007966723436050316,-0.007455175707140604,0.004147443256091066
2021-10-07,0.010890103588876876,0.005833297478119448,0.00860852831238379
2021-10-08,-0.0010836966069982523,-0.002844554336645544,-0.0018254427571049447
2021-10-11,-0.0059317869203878715,-0.004077796231030106,-0.007266052148832358
2021-10-12,-0.0012898474141769256,0.0035350429597249544,-0.002464575713377215
2021-10-13,0.007517365954975652,0.011872741544193488,0.003591158510690029
2021-10-14,0.012826313120768873,0.010805216663541728,0.016680742674928695
2021-10-15,0.008138755760785266,0.008060837644589647,0.007586954311750382
2021-10-18,0.0005788654230389767,-0.0023718590323023037,0.002956146931003545
2021-10-19,0.008450998576680746,0.00618129925334987,0.007685261401572774
2021-10-20,0.002960112575480345,0.002618890856965095,0.003920029332475927
2021-10-21,0.0001907166806942584,-0.004981720959522207,0.0026048418167521348
2021-10-22,9.534470226135738e-05,0.003411209619549993,-0.0010367179522194903
2021-10-25,0.0034255717238904637,-0.0018353360145164643,0.005348473074298532
2021-10-26,-0.0005701022561446223,0.0005247398227128386,0.0008996142644521754
2021-10-27,-0.004954718466690267,-0.00407382853471816,-0.004440031532488398
2021-10-28,0.008654731170948615,0.010479470028754712,0.009602609985319255
2021-10-29,-0.0027499986130878895,-0.006405641494036551,0.002027078014334549
2021-11-01,0.005020126996808649,0.007577797224570304,0.0017187367034470213
2021-11-02,0.0005667818097663258,-0.004565900075986562,0.004034943423944171
2021-11-03,0.006400627032695283,0.008073948142271803,0.006086672088399858
2021-11-04,0.0021556381954024317,0.002461332185756504,0.00470145114229048
2021-11-05,0.001964169271674976,0.0011637208135057975,0.003463603721219677
2021-11-08,0.001867108268613471,0.000258486532239921,0.0008533567819508647
2021-11-09,-0.002521402790444327,-0.0021987742620028783,-0.0033108462216269174
2021-11-10,-0.009110978254202706,-0.017371321542485774,-0.008077401093241399
2021-11-11,0.003297054143708067,0.0026315403112784352,0.00032347534555920987
2021-11-12,0.0069353404364482785,0.00733186290653709,0.007518509559019115
2021-11-15,-0.0005605153181180711,-0.0035283181598781965,0.00034236368205142753
2021-11-16,0.002053783536156928,-0.004460730729718421,0.00395001339966683
2021-11-17,-0.0028016739154290704,-0.0030289527704239205,-0.0024321748554383404
2021-11-18,0.00028050661161493906,0.001186370208269949,0.0033906571651112216
2021-11-19,-0.0035590301854249162,-0.008201140249411765,-0.0017898543376428933
2021-11-22,-0.006022974887173405,-0.006796882797001302,-0.0028191447952607973
2021-11-23,-0.00028320772842249653,-0.005766800841795927,0.0013251158447458167
2021-11-24,0.0003775444774163361,-0.008916514473571446,0.0026662985058640842
2021-11-26,-0.024652444759762027,-0.023478788621758895,-0.0225556490482397
2021-11-29,0.008956580115357937,0.00512708269933615,0.012191982366394072
2021-11-30,-0.013708157473788063,-0.005961067283490884,-0.01964940742643062
2021-12-01,-0.011142715394700353,-0.007116397859879164,-0.011169348998626205
2021-12-02,0.014345220309651907,0.00836706108264007,0.015200191196353963
2021-12-03,-0.008562835715023809,-0.0029205093687538763,-0.0087393903697226
2021-12-06,0.010015142947106703,0.0023648639232218827,0.011773729778026265
2021-12-07,0.0214403108831549,0.023210578252319536,0.020473797351641565
2021-12-08,0.0028369101934870855,0.00027143535564988497,0.0026444678463244387
2021-12-09,-0.007963674728431513,-0.006945920217685142,-0.006774434590300693
2021-12-10,0.005410803545552234,0.0005465352817815017,0.009369465607831806
2021-12-13,-0.019694686178936216,-0.03149752739249401,-0.00889782554948848
2021-12-14,-0.00542161802053176,-0.005654545973816205,-0.006903820175275577
2021-12-15,0.012349397278099694,0.01155755903814093,0.015504231119125578
2021-12-16,-0.0048058531136332405,-0.0022447212687239926,-0.008857629685864232
2021-12-17,-0.009876186825704458,-0.008604336027368653,-0.014207029348729527
2021-12-20,-0.009483314878055538,-0.0053977015394792716,-0.010690344140578567
2021-12-21,0.016174921631877837,0.010484622603940785,0.017603143962984014
2021-12-22,0.00933193768748275,0.013440027447433778,0.009949058445394066
2021-12-23,0.006395269950794535,0.005408783333680667,0.0062028007667942475
2021-12-27,0.010882544439974495,0.007990043890971243,0.014052946964016932
2021-12-28,-0.0010358361552160744,0.0016452258830499389,-0.0008175294103818231
2021-12-29,9.423087469695446e-05,0.0032822494903808064,0.0012783904192747997
2021-12-30,-0.0018859466134539815,-0.0015030489134408853,-0.0027683573402246253
2021-12-31,-0.0016058018127376172,-0.0005471333371414033,-0.002523367923997988
2022-01-03,0.005280019540634839,0.004641067231339058,0.00577326395831701
2022-01-04,-0.0008466658339241206,0.002991588007086321,-0.0003349950109532429
2022-01-05,-0.016416399269735038,-0.009961238926612381,-0.019388898230360496
2022-01-06,-0.002107017268642153,-0.007709255737977649,-0.000939854900788184
2022-01-07,-0.00019181390686195954,-0.0009678492851721288,-0.00396134711982743
2022-01-10,-0.002880972119301717,-0.013088497139836619,-0.0012451409261462487
2022-01-11,0.011854802664111652,0.012673432745589963,0.009067038551737738
2022-01-12,0.0060640642913929454,0.011557590599269751,0.0026998943417853027
2022-01-13,-0.013504704988401173,-0.007690199406119369,-0.013874393518961803
2022-01-14,0.0002871933270514049,-0.004698142845090736,0.0004089371946278675
2022-01-18,-0.0174773677297706,-0.01831063237357977,-0.017868303713833633
2022-01-19,-0.006057690558519013,-0.001694236603809074,-0.010437843124854851
2022-01-20,-0.00787098766958394,-0.008514291483631808,-0.011129775432800137
2022-01-21,-0.017135319316643915,-0.013775495544125604,-0.019825881722007388
2022-01-24,-0.0016089709316249312,-0.013674965366762493,0.004237743773401803
2022-01-25,-0.010115400774723504,-0.00927086725190751,-0.012284115838727239
2022-01-26,-0.004994128051972524,-0.002368207581993964,-0.0025119476945789643
2022-01-27,-0.00512191230295489,-0.010577479831154868,-0.004950195532162027
2022-01-28,0.015894349221548865,0.007311910479208095,0.024532024102335015
2022-01-31,0.02041092268609468,0.02030970821472966,0.017850789773548037
2022-02-01,0.007695369216714099,0.00841440955468098,0.00673420016401316
2022-02-02,0.00636790318386371,0.011062488337190146,0.009667204382406425
2022-02-03,-0.019326168910072994,-0.01773013259693723,-0.023785622375082305
2022-02-04,0.004470249774119139,0.0004361872643681153,0.004691187114582718
2022-02-07,-0.001984294196331504,-0.0010181034075076312,-0.0032144373543605553
2022-02-08,0.0077166861468960235,0.002325524805157464,0.008194195539497962
2022-02-09,0.01564516576666275,0.018555022925054843,0.014530032891024725
2022-02-10,-0.014561682689002708,-0.012043103804534105,-0.018128986189386964
2022-02-11,-0.019182621427653146,-0.014967928106701223,-0.019915729123292536
2022-02-14,-0.0037199333703936688,-0.00734757130088326,-0.003274670851420858
2022-02-15,0.017374355208727543,0.022603884800734164,0.015998210716834826
2022-02-16,0.002274222177129026,0.0038857970760801663,0.001120197256520683
2022-02-17,-0.019547835720405082,-0.018117749736311417,-0.02159287321665282
2022-02-18,-0.007480805700921245,-0.008224531405910618,-0.00649610691384872
2022-02-22,-0.01163515218765987,-0.01336115316552533,-0.010789647538040903
2022-02-23,-0.014268282439466873,-0.010214904343709641,-0.017897872870124232
2022-02-24,0.0041567297488365185,-0.00788247620595417,0.01493700358618355
2022-02-25,0.02194959289428411,0.02182677976054137,0.021824115045760095
2022-02-28,-0.007024742067553547,-0.008223161149320646,-0.0025618054472031915
2022-03-01,-0.017104961555871157,-0.021241908222716432,-0.015347444189967696
2022-03-02,0.014240228827150148,0.01295056563980257,0.018229049206145653
2022-03-03,-0.010195215937938151,-0.020029682425589,-0.004990905914229238
2022-03-04,-0.014912422947837456,-0.028351830762437302,-0.008157804395692025
2022-03-07,-0.031592798883847806,-0.03114411216478885,-0.02992243121948679
2022-03-08,-0.0011935183889413281,0.009136976314131573,-0.007610587910874322
2022-03-09,0.02984020006821364,0.037614005585675514,0.0264577071707377
2022-03-10,-0.007934450384636804,-0.007851799095201173,-0.004525779260906582
2022-03-11,-0.013903999945145351,-0.0053746596557342485,-0.012796587712039731
2022-03-14,-0.0064829884442723085,0.009308265527168125,-0.0073351596936435115
2022-03-15,0.01548920310080426,0.002039393073358653,0.021752137407685446
2022-03-16,0.03327515725502117,0.031013799476853343,0.0219319332717145
2022-03-17,0.010169034971561963,0.007416939684032009,0.012433317136645528
2022-03-18,0.010976854171872219,0.01005343892179944,0.007791413987561668
2022-03-21,-0.003544112568362401,-0.004639068318983419,-0.00029243537731638014
2022-03-22,0.011999083427157942,0.007322837571949847,0.01163345996870735
2022-03-23,-0.011289255342465943,-0.014699579632705628,-0.012962065201009842
2022-03-24,0.011489739134535881,0.004071432128862185,0.014961874573180545
2022-03-25,0.0019022124907133175,0.0034553232256868682,0.004871712340952961
2022-03-28,0.0038931856288053623,-0.005262751316623238,0.007087859739226765
2022-03-29,0.01591336335429716,0.02118214861711909,0.012294934342103936
2022-03-30,-0.005605006808757196,-0.0062185300073931415,-0.006193935772895287
2022-03-31,-0.016203991536874796,-0.014812951435643207,-0.015510993469157519
2022-04-01,0.006493220244993658,0.008256491688837464,0.0028301043466703035
2022-04-04,0.009612135761258855,0.007298727210224065,0.008530092526005895
2022-04-05,-0.014403075791634024,-0.010893127697211291,-0.012711778187951772
2022-04-06,-0.011572394771505401,-0.01847419597281963,-0.010049685888730231
2022-04-07,0.00212324106827122,-0.0009173939052269375,0.005026315031306794
2022-04-08,-0.0009094525675736875,-0.0021439423695417403,-0.0026775161462264663
2022-04-11,-0.01435646538791957,-0.012029855236621145,-0.017240043704589425
2022-04-12,-0.005553293849919427,-0.004821497285332654,-0.0037121114853793102
2022-04-13,0.011993359537648018,0.013319085146554777,0.011388482839124414
2022-04-14,-0.010550661551145701,-0.0029273951262220876,-0.012529931210355727
2022-04-18,-0.0016490126804047378,-0.005570192735000035,0.0004110548011073689
2022-04-19,0.010568060260830237,0.004335142383555812,0.01601376730020032
2022-04-20,0.0009180958205687872,0.005238784398961194,-0.0007418198482218585
2022-04-21,-0.01562046580983445,-0.006166221672249783,-0.015066483396335428
2022-04-22,-0.02273188328565201,-0.01715573099698986,-0.02782262309124217
2022-04-25,0.0015880743269720554,-0.007737865025355006,0.00578083914653682
2022-04-26,-0.027998617903489453,-0.02585452034490121,-0.029388467120838868
2022-04-27,0.003800411588417596,0.0009755701358091784,0.002807837300803584
2022-04-28,0.020701123976909486,0.013880155426607033,0.024945698119335447
2022-04-29,-0.02657063306836349,-0.01112105306320288,-0.0376558167278942
2022-05-02,0.0032650814692054553,-0.007156869271086386,0.006001399663298379
2022-05-03,0.006066507321487613,0.005534771763149315,0.0045735675616205285
2022-05-04,0.023271763152135527,0.014824667106439371,0.029998447023785957
2022-05-05,-0.034676822833314525,-0.03400083745161364,-0.03618983821471655
2022-05-06,-0.009990791465637194,-0.012153642245426255,-0.005986811165078265
2022-05-09,-0.032179413452542605,-0.031651452689499315,-0.032541030728461706
2022-05-10,0.0035261090435101394,0.0025900303438097794,0.0023078626977994787
2022-05-11,-0.012568703714633145,-0.002762906999582704,-0.016013669052044044
2022-05-12,-0.0013807705196002829,-0.0029440142689223237,-0.001044475668511069
2022-05-13,0.026025685553313416,0.027033328169015824,0.02362653009661031
2022-05-16,-0.0032586232442888274,0.0015180933998246715,-0.0040658189177653625
2022-05-17,0.020056416606491823,0.020023978603926906,0.02036168600775401
2022-05-18,-0.033996640301229064,-0.0230624735155196,-0.04114660289301231
2022-05-19,0.0009125508481711009,0.014267946000935616,-0.006143453427808865
2022-05-20,0.0028465719043424542,0.0043239436263071696,0.0004364410561858989
2022-05-23,0.01601664964122218,0.016458568157155185,0.018537199486682532
2022-05-24,-0.008314716365005026,-0.0070439555717705105,-0.007663063186207353
2022-05-25,0.006858975865291939,-0.0018099652426117885,0.008796104601187515
2022-05-26,0.016338248907654673,0.01195069523647696,0.019784376097156553
2022-05-27,0.020189461974999823,0.011809561110891487,0.024252653210717234
2022-05-31,-0.004547903625353733,-0.003060300748308542,-0.005626784265614582
2022-06-01,-0.00740744466382548,-0.011519603277994506,-0.008121418909250444
2022-06-02,0.0199184323426147,0.020192916545081374,0.0188644211933644
2022-06-03,-0.016752653627704284,-0.015959037286483735,-0.016547684514327088
2022-06-06,0.0035902973644237335,0.003244661489220313,0.003040144313791515
2022-06-07,0.0075733018675299135,-0.00016201726983844367,0.009546509960919991
2022-06-08,-0.009421208952101523,-0.011076840930472898,-0.010931687318656458
2022-06-09,-0.032847864681945005,-0.03908313357771931,-0.02407026535921286
2022-06-10,-0.0263158683352831,-0.026405862250760137,-0.029424332942413756
2022-06-13,-0.037758077378333255,-0.03941658815198945,-0.03870772978690962
2022-06-14,-0.0030013829541823966,-0.010423422168142515,-0.003017895623606215
2022-06-15,0.015154568028242998,0.02181899190153036,0.014155672225600213
2022-06-16,-0.029687910336019918,-0.023843109031665755,-0.03365610467930491
2022-06-17,-0.00048811367845225107,0.0012885357298908495,-0.0021569913683165964
2022-06-21,0.022090364187905998,0.00897355839121916,0.0248619882198442
2022-06-22,-0.005747182417570329,-0.006034543677531534,-0.0018146207734579534
2022-06-23,0.005747182417570329,-0.0011011447899758053,0.009754832753127829
2022-06-24,0.029989845878619192,0.024665752206427083,0.03129890514558209
2022-06-27,-0.002900738903283795,-0.0026908533368477094,-0.003827018083701006
2022-06-28,-0.01486707692830258,-0.00594539218812784,-0.020644492068412568
2022-06-29,-0.0027163094233966234,-0.00962329300255238,-0.0008147218221505881
2022-06-30,-0.007954903107515676,-0.00402196552467915,-0.008157482247656667
2022-07-01,0.0070084501117948506,-0.0005496798833322103,0.010520974806039973
2022-07-05,-0.005102963530918991,-0.020928647024122782,0.0018867962567554741
2022-07-06,0.00142664530577985,-0.0011236213489214109,0.003371649041169711
2022-07-07,0.01579481168085195,0.01727544255698721,0.014866093490139676
2022-07-08,-0.0007019793024527488,0.005509641914919872,-0.0008229221592763736
2022-07-11,-0.014261531380782344,-0.01941807215783653,-0.011489328872572813
2022-07-12,-0.006191930308276916,-0.0011210307242879303,-0.008888314142629916
2022-07-13,-0.004069472646468952,-0.0007481001772897677,-0.005265525871211096
2022-07-14,-0.006859641948525841,-0.01185675065361469,-0.002431438473624148
2022-07-15,0.016883639664413863,0.012604850830904457,0.01892487058594927
2022-07-18,-0.0027347185248078887,0.008748262450542388,-0.008291210361567991
2022-07-19,0.025043985685468506,0.021632380153748354,0.026660608249492235
2022-07-20,0.003130216917059947,0.0018119643995548884,0.006352938803842356
2022-07-21,0.01013480140343237,0.01687346818212454,0.01013169497427402
2022-07-22,-0.00851556219778793,0.0007117600831501036,-0.009321406194838566
2022-07-25,0.0031154963134385483,0.0030192398039803336,0.0012142034327720097
2022-07-26,-0.012170570778754275,-0.01446836973648935,-0.011901553256690178
2022-07-27,0.024194711217917053,0.0213606722871571,0.025634966306172124
2022-07-28,0.009516373651806909,0.009116480859866272,0.012464382307969757
2022-07-29,0.012660493346181134,0.015756535149766826,0.014473476936627705
2022-08-01,-0.0032339132504608514,0.0010302434552533768,-0.0029656331023177884
2022-08-02,-0.007849299616863092,-0.01940797207052647,-0.006619203971790277
2022-08-03,0.012751843602287316,0.010443932461540406,0.015538153058459514
2022-08-04,0.0015548580234332476,0.007418308910525084,-0.0006758195102500864
2022-08-05,-0.0031121373956821685,-0.011061284277881,-0.001691586587316607
2022-08-08,0.00044519660733488564,0.0034698292696351274,-0.0011616074468596693
2022-08-09,-0.004796175528634095,-0.007475050778034564,-0.0039789074939697855
2022-08-10,0.020692247187322543,0.03109410604689611,0.020786429765403902
2022-08-11,0.000875772714880263,0.00033824553083405817,0.0
2022-08-12,0.013692912595077544,0.007076726769200015,0.016787313919910396
2022-08-15,-0.00021593558582111427,-0.009107853602207783,0.004112299046374446
2022-08-16,0.0007554060361831816,-0.0016958167534051327,0.001956828004817446
2022-08-17,-0.007253842064433691,-0.012123414961829226,-0.007123328512292915
2022-08-18,-0.00032602053753816307,-0.0041314891464976355,0.0029021967606395194
2022-08-19,-0.013459779493358859,-0.017400821489713003,-0.013529140164663112
2022-08-22,-0.019018525075176207,-0.020750979204910536,-0.021042340808237192
2022-08-23,-0.00011222847467440289,0.0028632777223771555,-0.002422188383511603
2022-08-24,0.002579440954419532,0.004635453754462837,0.003196068900625626
2022-08-25,0.014676711246752738,0.010263725103718535,0.014018799822279604
2022-08-26,-0.030254374156612585,-0.027125154917842842,-0.03443518641605081
2022-08-29,-0.006162303067171138,-0.004169308067568878,-0.00663416218288404
2022-08-30,-0.010355650332761535,-0.003275117705065611,-0.011038555340141087
2022-08-31,-0.006498021896815587,-0.001641590053401032,-0.007638144093186305
2022-09-01,-0.002447685581469905,-0.017494174962823905,0.003132950370552834
2022-09-02,-0.008673348978397222,-0.011020941535036854,-0.010600416696432191
2022-09-06,-0.0055479524993948814,-0.004329481716830674,-0.003780286669806898
2022-09-07,0.014804576560235816,0.007517448158259388,0.017805499790206625
2022-09-08,0.004654436285771446,0.002244230106433154,0.0065150227727048815
2022-09-09,0.018290081864278385,0.027454542215183064,0.015415807866335562
2022-09-12,0.012235274375528071,0.013001288349851592,0.010690305896353891
2022-09-13,-0.04032473850579876,-0.0384030051314177,-0.044456174147267546
2022-09-14,0.0039779663201420234,0.005391867973061348,0.003808561101678265
2022-09-15,-0.010446710333977371,-0.011750598150136682,-0.011418237468483028
2022-09-16,-0.009008027557367626,-0.004324525768372833,-0.011757555003970133
2022-09-19,0.006527087264967868,0.0031982339639693436,0.0077250136547011294
2022-09-20,-0.012378174111350226,-0.01877013420841367,-0.0115449396466758
2022-09-21,-0.016543307546594832,-0.010969025465469961,-0.01759771627849549
2022-09-22,-0.007454976575010264,-0.003489057709760157,-0.008435311285113656
2022-09-23,-0.02119956843751769,-0.0335668389591528,-0.01689677047968363
2022-09-26,-0.011974643108521477,-0.02336312871410673,-0.009941945708146882
2022-09-27,-0.0033024561672228003,-0.007220295133751886,-0.0025560147287464474
2022-09-28,0.02027650394276037,0.021708847099760398,0.019485277712051996
2022-09-29,-0.019005067318446756,-0.015516892452676956,-0.021110231804905233
2022-09-30,-0.011116132148624835,0.003696868253347141,-0.015584342130975593
2022-10-03,0.023491632608727997,0.017476580277737686,0.02605873687629412
2022-10-04,0.03356683832701357,0.03697898295138513,0.03051625785631007
2022-10-05,-0.004500436299894162,-0.015850005346979668,-0.0023309545840213275
2022-10-06,-0.011648674966370898,-0.01270361220872429,-0.010369374353981442
2022-10-07,-0.025735401665939683,-0.01875244551538069,-0.028290323663625827
2022-10-10,-0.008004582086627465,-0.006124952349019441,-0.007664623071973686
2022-10-11,-0.008455033985309335,-0.010706308579172763,-0.006353116679683524
2022-10-12,-0.0027054021508190473,-0.0058128167316535695,-0.0033039164758035255
2022-10-13,0.022323780222554213,0.022033213462208767,0.026048844373095292
2022-10-14,-0.02142119879332327,-0.018707501568696827,-0.023052420113011785
2022-10-17,0.02557556797336069,0.025810571342409716,0.025372338438407027
2022-10-18,0.00937799951211371,0.007253721158556381,0.011681134209780453
2022-10-19,-0.010257779573038306,-0.015987407217509464,-0.007111707070068363
2022-10-20,-0.0047894880147403285,-0.0014290028756542839,-0.00842069076929608
2022-10-21,0.021003400793570215,0.01862021357742316,0.024010899985540846
2022-10-24,0.002964768836356768,-0.0050256414022862295,0.012162204592721437
2022-10-25,0.017485318105368464,0.025861780992011862,0.015842429934322944
2022-10-26,0.00012123066618130451,0.012684364415402438,-0.0075626208742072265
2022-10-27,-0.006078306910081821,-0.006809997541240342,-0.005354285829167971
2022-10-28,0.015847395633341144,0.006422091059052448,0.023512079268203756
2022-10-31,-0.006622976390143087,-0.011903753070660272,-0.007249487083863748
2022-11-01,0.0009660891152716289,0.01054493124353817,-0.004385466227568635
2022-11-02,-0.020732412691413238,-0.015070262083107355,-0.025416488450460406
2022-11-03,-0.008787717508690562,-0.009709733716200208,-0.010350243431810568
2022-11-04,0.02322398829566552,0.03579140236660949,0.014290534954393586
2022-11-07,0.006296141904438279,0.003643736694931121,0.009520119545587846
2022-11-08,0.006976235116645135,0.013121774537454112,0.00538091136278851
2022-11-09,-0.01863108474306241,-0.01618925857673137,-0.020817264954698267
2022-11-10,0.052220931544010085,0.06089559852801063,0.053497309183601516
2022-11-11,0.015068986992525346,0.019678672524160667,0.009631963688169876
2022-11-14,-0.009060137540518376,-0.014452948025397205,-0.008543112649075368
2022-11-15,0.00963085093815863,0.004125188267602553,0.008492875431373115
2022-11-16,-0.007559261999155353,-0.004844370540518561,-0.007657991471810455
2022-11-17,-0.002417344646130637,-0.002160586617008242,-0.0030645516997971356
2022-11-18,0.0019573525244762635,0.0023404649793814514,0.004530126744088925
2022-11-21,-0.005536384991694732,-0.007943758080023677,-0.0036427210104266194
2022-11-22,0.012413973570679637,0.01368162019486352,0.01336725872216693
2022-11-23,0.007737866292689688,0.013496889821754898,0.006281852116995168
2022-11-25,0.0007931527692113249,0.00597961965222904,-0.0002237386911323469
2022-11-28,-0.014603782153554512,-0.016085187562310033,-0.016085692069329305
2022-11-29,0.0020665943112279095,0.0,-0.0017190202256003317
2022-11-30,0.028046571103319096,0.015559031632991882,0.03101463325703513
2022-12-01,0.0014487647480621035,0.011859230432985868,-0.0007361122062503611
2022-12-02,-0.0008912860343892604,0.0013859672577059001,-0.001154383003511228
2022-12-05,-0.01720011767413343,-0.01746464280469695,-0.018153027496799368
2022-12-06,-0.01071604450103436,-0.006717318089647151,-0.014519702260978207
2022-12-07,-0.0018355364276008146,0.00159504067068994,-0.0017026469976162417
2022-12-08,0.007663815653772055,0.004593617967723951,0.007803400621268608
2022-12-09,-0.004797334180643098,0.00017629569311328197,-0.007498240360482633
2022-12-12,0.008891046974734529,0.0024643453109574054,0.014314303078420743
2022-12-13,0.0014741427106068627,0.015352661251859523,0.007541335653240111
2022-12-14,-0.0038600902928358494,-0.001039278788667275,-0.006414056305424687
2022-12-15,-0.024877519474520327,-0.02332010359138348,-0.024765822310819807
2022-12-16,-0.009726470773108176,-0.005157807768095601,-0.016457910405920373
2022-12-19,-0.006142195591896105,-0.0035727218738887956,-0.008515818978745315
2022-12-20,0.002248593342415006,0.0016093012100153459,0.0013674650624642126
2022-12-21,0.013036776970497321,0.009247806336583508,0.014841756314111443
2022-12-22,-0.012091463965551164,-0.006927875720422527,-0.014368875361936873
2022-12-23,0.004595535094914283,0.0035587362649387444,0.005735784166452262
2022-12-27,-0.0003527400817660009,0.001419983036575978,-0.0039513070222145785
2022-12-28,-0.01302099931074352,-0.011057768280258173,-0.012505743674206649
2022-12-29,0.017245869040892536,0.020765711972894785,0.017840227729302605
2022-12-30,-0.005990528824388441,-0.007935863243428543,-0.0026375503873756756
2023-01-03,0.00023564934264719284,0.0061778024487839645,-0.00421876905192331
2023-01-04,0.012640638821364014,0.007013840893455026,0.007690540861837292
2023-01-05,-0.01028773246242043,-0.012306779329045447,-0.011479028471945263
2023-01-06,0.022885371686670375,0.02584393145057895,0.022673115167449076
2023-01-09,0.0021798028410975334,0.003957052164380137,-0.0005670573357701159
2023-01-10,0.005599670169301518,0.0008581350556218226,0.006988367474913382
2023-01-11,0.010429730395723702,0.008711274165539962,0.012568547576673694
2023-01-12,0.006967917040840099,0.014519934599557693,0.0036341713652401353
2023-01-13,0.004469797567868028,0.006182640399888584,0.0038719998126808264
2023-01-17,-0.0006692526246947494,0.002329441872037208,-0.0018335770553337127
2023-01-18,-0.010994004993099438,-0.0014968208680832262,-0.01591397379922732
2023-01-19,-0.003955907561455696,-0.0031675018476597927,-0.007306444430313697
2023-01-20,0.015396102372873699,0.011620329390104267,0.01845764441716735
2023-01-23,0.008771509384867926,0.005267496867991106,0.011927172921546436
2023-01-24,-0.0013274642394058844,0.0006565061014889295,-0.001073867632149117
2023-01-25,0.002321928342388979,0.004909980980091433,0.00037472711213215604
2023-01-26,0.008467600287883847,0.0017943175812238366,0.0109304127936527
2023-01-27,0.0005474087507613135,0.0,0.002295060874841326
2023-01-30,-0.012112084948163293,-0.009332850184937236,-0.012626202210393345
2023-01-31,0.010797850340236614,0.005740989658713502,0.014596303091250817
2023-02-01,0.010140198140412338,0.011545767688022401,0.010571694025693468
2023-02-02,0.008103334250166405,0.00596443692077564,0.014452053374915508
2023-02-03,-0.011580839311164937,-0.01751020460879804,-0.010685983632904517
2023-02-06,-0.008307898025596394,-0.010853582177403176,-0.006130111277800054
2023-02-07,0.010591366468730712,0.007248773667818398,0.012993845860082232
2023-02-08,-0.008617461804500515,-0.006257179253994494,-0.010994997340288748
2023-02-09,-0.0043917674298805665,-0.00016522897957305105,-0.00870697310092261
2023-02-10,-0.0008806055338528296,-0.005965230935780497,0.002330947533482508
2023-02-13,0.010517176884828672,0.00794580174791637,0.011670623663535551
2023-02-14,0.0005447014619219814,0.001482826702414286,-0.00046027578688701
2023-02-15,0.0006533666161061547,-0.005447835626456232,0.0032421123856005707
2023-02-16,-0.010174588936566309,-0.0044794842132409585,-0.01386447947252023
2023-02-17,-0.002532380709256543,0.0038171077039823587,-0.0025013844442147715
2023-02-21,-0.017235044942824906,-0.014515962563935503,-0.020264879913440836
2023-02-22,-0.0026954810872865664,-0.007591782828440863,-0.0013790551427739217
2023-02-23,0.004824156024051618,0.008767556794475162,0.005305305448698228
2023-02-24,-0.013407837583931936,-0.01573503934767384,-0.010739837078983072
2023-02-27,0.005881001245468198,0.01254044015346345,0.0034000513205540983
2023-02-28,-0.005200679675597897,-0.0026981440369420184,-0.0037028246246686436
2023-03-01,0.002151418325775367,0.006228434033050512,-0.0038432905240251003
2023-03-02,0.005414516547611825,-0.0028569381005167926,0.007747202640651096
2023-03-03,0.01496235982337879,0.013373704105314133,0.015910572248882815
2023-03-06,-0.0006652460054734632,-0.0023275053914932897,0.0006925006534723721
2023-03-07,-0.015873328849594692,-0.017461842133704053,-0.015447431474281181
2023-03-08,0.0021385841770618086,0.00489991533364087,0.0016307895385843096
2023-03-09,-0.016208915573574956,-0.007104258189348123,-0.01862217503573138
2023-03-10,-0.013228484244879546,-0.009894280786561183,-0.01453456301170597
2023-03-13,-0.002550740173744792,-0.011899811614554778,-0.0014262668368294484
2023-03-14,0.013720194852329115,0.011899811614554778,0.01639493070147502
2023-03-15,-0.01395236300405589,-0.024469831104112494,-0.006273979111678152
2023-03-16,0.016125595928821568,0.008049088115248182,0.017393037579006787
2023-03-17,-0.010913968614991276,-0.011040172806471737,-0.015570840749814074
2023-03-20,0.009656402785675589,0.010865843634257466,0.009569695461115302
2023-03-21,0.01318346188773667,0.01281627659462714,0.013045068527290482
2023-03-22,-0.010783882643631948,-0.008294492607808124,-0.017193461403886445
2023-03-23,0.0026214835316951124,0.0034644198502506995,0.002699747151758025
2023-03-24,0.0023875753392905708,-0.004158759664703027,0.006540576296235834
2023-03-27,0.003514204007135646,0.006231638783102511,0.0018680966845829872
2023-03-28,0.0009048094927690542,-0.002591820472551909,-0.0022471802686450104
2023-03-29,0.01213636490833192,0.011011800904650038,0.014430264607990573
2023-03-30,0.008120667054882347,0.014271397012336706,0.005838178311722508
2023-03-31,0.009921826483433982,0.0038723770563011684,0.013996224623975984
2023-04-03,0.005797104138744125,0.008033572192136518,0.0038032995781795975
2023-04-04,-0.003496121618026926,-0.00016674395518645468,-0.0055635650401377745
2023-04-05,-0.005157209100747906,-0.01613478841805449,-0.0026217009359426058
2023-04-06,0.003952580937656158,0.002707274857931985,0.0038932854947857365
2023-04-10,0.0006572194123304342,0.0008445104314933616,0.0010258499102313579
2023-04-11,0.001969153961709935,0.004716174891679081,0.00026855081982812834
2023-04-12,-0.001640706161115446,0.003857503432185716,-0.004084316547969813
2023-04-13,0.013266845662056603,0.015941869750310644,0.01319527739381332
2023-04-14,-0.0029209372101464126,-0.004789059009692842,-0.0024457527346068986
2023-04-17,0.001840106218348403,-0.0004967096562014106,0.0035818310251141128
2023-04-18,0.001836726445642256,0.003966912041231119,0.0006520292826834861
2023-04-19,-0.00205308241294766,-0.00628824265517558,-0.00016895468411082248
2023-04-20,-0.0036844031968366053,0.0,-0.00547205963912667
2023-04-21,0.0006511565130358221,0.004306753682163489,0.0007766414272092348
2023-04-24,0.0004338964828161096,0.0028059467368484192,0.001042621402772781
2023-04-25,-0.01618047444163473,-0.015447470889483839,-0.01600116801417073
2023-04-26,-0.0025382494748136253,0.0005020296107556277,-0.004244617399672634
2023-04-27,0.016982090126468563,0.014285967205665884,0.019712474971588456
2023-04-28,0.005849164075717006,0.003457632198529126,0.008498950231163427
2023-05-01,-0.0012968241174471373,-0.0018096675273131524,-0.0010102543650605256
2023-05-02,-0.01131062527647586,-0.009928899556888027,-0.011302869513428071
2023-05-03,-0.003615867997725175,0.0018277085397224724,-0.006887669499263893
2023-05-04,-0.0036289899607364617,0.0013271072857881094,-0.007108150576824457
2023-05-05,0.016823653998471855,0.013993124680184543,0.018343304165668428
2023-05-08,0.00043323856831367635,0.001470230684957663,0.000266511632029065
2023-05-09,-0.004232000183199247,-0.005565576035310826,-0.004394965239956861
2023-05-10,0.0024980013535671475,0.00016417129878032455,0.004661479781750799
2023-05-11,-0.0024980013535671475,-0.0019713975537056783,-0.001745500239814568
2023-05-12,-0.002831343956651189,-0.00444995299906914,-0.0013111460726520363
2023-05-15,0.0068467896335526746,0.009698442797224871,0.003444130053141592
2023-05-16,-0.008047080184999444,-0.010194148617920895,-0.006705099417769311
2023-05-17,0.009345869392143769,0.003464540295619045,0.012065880064935364
2023-05-18,0.004963397245570711,-0.006941062110436214,0.009587111502516343
2023-05-19,0.0006455515289571778,0.0036418054032525404,-0.0014561460225204215
2023-05-22,0.0015047228577635963,-0.0004958066173346154,0.0004060458540662282
2023-05-23,-0.0126453795231809,-0.013146056688550622,-0.011286288709353443
2023-05-24,-0.00928822837890575,-0.01621107883312689,-0.007271172941916149
2023-05-25,0.004053719666250899,-0.0020450372832421237,0.008622616459603272
2023-05-26,0.0130352112907417,0.004255687834802124,0.01286752685707171
2023-05-30,-0.004109499433210928,-0.005450527883381184,0.00038087042973256047
2023-05-31,-0.00717780164073023,-0.006167581944705347,-0.005560642409936811
2023-06-01,0.011826713307147685,0.013484900557334534,0.00945616906644453
2023-06-02,0.014775400353610912,0.014643010883136576,0.014357593481227227
2023-06-05,-0.0026605667771448793,-0.006369402264058799,-0.001918101464049471
2023-06-06,0.0047839838670995505,0.008705905399240876,0.002175091593377587
2023-06-07,-0.015497607226430787,-0.024126016540047424,-0.0034637189947499536
2023-06-08,0.007190863331444142,0.009009814835815533,0.006030349968388471
2023-06-09,0.0013892308123484298,0.0016908775613515559,0.0017926945996737942
2023-06-12,0.00723561688893426,0.006567392516611648,0.009030960948294364
2023-06-13,0.007709848047726453,0.008357059914978038,0.006571298368602818
2023-06-14,0.0024168111939930625,0.0011644298557618171,0.0011901242269223289
2023-06-15,0.011271271845448183,0.005471256513851053,0.012321448558557435
2023-06-16,-0.0029099872514137815,-0.0016547823338566303,-0.00711976038210782
2023-06-20,-0.009201287088293597,-0.015690564662892648,-0.005201688176449615
2023-06-21,-0.0034723473852480424,0.0031914437417102093,-0.005136896694486914
2023-06-22,0.00021075719767438272,-0.010960425421601805,0.003603210742692653
2023-06-23,-0.010381403740997719,-0.01779042698653921,-0.007588727735143408
2023-06-26,-0.0017052509619484013,-0.0006905577066094182,-0.004094122473882855
2023-06-27,0.010504610096737643,0.004824247379784374,0.010903649709285368
2023-06-28,-0.00010549962295680615,0.004630042658504863,0.0005042661095773227
2023-06-29,0.0016875442291652831,-0.003427608525123027,0.003933614456099299
2023-06-30,0.011004701967671338,0.012454303179982418,0.01173163484262485
2023-07-03,0.0023944181634831807,0.0006779816450777076,0.0011498750213831954
2023-07-05,-0.004899173114508493,-0.008507793296601562,-0.0014883050871459247
2023-07-06,-0.012406849766995798,-0.014631508097505908,-0.007861482478150883
2023-07-07,0.0020081647682550496,0.015485539014482796,-0.0025279066989751797
2023-07-10,0.002530823546240235,0.005278877669918636,0.0025279066989751797
2023-07-11,0.007867861452500513,0.010138621334696118,0.006348336308152902
2023-07-12,0.011945107527818521,0.020138803323940913,0.00801372386251753
2023-07-13,0.011293739136337244,0.01277035355763445,0.007905551787355414
2023-07-14,-0.0027602803075783555,-0.008823601508403556,-0.0006230225390382316
2023-07-17,0.00255610792227845,-0.0014781993699211071,0.0034662025706486688
2023-07-18,0.005600575114694806,0.009650850244587339,0.007403116820646538
2023-07-19,0.00121773016948179,0.0038992391685290784,0.0022212915573067704
2023-07-20,-0.006716174931402641,-0.008631252832390857,-0.006656595178376357
2023-07-21,0.0005103396454906317,-0.004097358883193181,0.0
2023-07-24,0.003565413897294256,-0.003125236962172373,0.004457342096755745
2023-07-25,0.0032488081795465362,0.004110157810274018,0.0027263334560183594
2023-07-26,0.0013167613997184802,0.006052180582094557,0.00015370179135754114
2023-07-27,-0.006295743271238052,-0.005724089085742179,-0.006652049928426607
2023-07-28,0.010437332474585226,0.004908374267718507,0.00974270838693947
2023-07-31,0.0019135153117995074,0.0004894962873551734,0.0019022320924175773
2023-08-01,-0.006966583319035102,-0.01098999279558921,-0.0028656708129783937
2023-08-02,-0.01665255093964202,-0.016128061171603925,-0.014008470752225222
2023-08-03,-0.0023722703264859035,-0.0021814098693591077,-0.0028699721428431246
2023-08-04,-0.002067366382994429,0.005528145961251063,-0.004533025778414412
2023-08-07,0.006703490526847489,0.006991840886874989,0.008690655340468645
2023-08-08,-0.005772591499010993,-0.00950085828174263,-0.0043581583971779025
2023-08-09,-0.004247648506459534,0.0011716412098641271,-0.006707683059238079
2023-08-10,0.0015561134440114088,0.0013373761850035137,0.0003588894044126434
2023-08-11,-0.0037387166504245783,-0.004856426103251543,-0.0005832692666967176
2023-08-14,0.0019749753084470356,-0.0035314773762911145,0.0055048284199656905
2023-08-15,-0.012329069236749923,-0.012203561971382726,-0.01171724001216301
2023-08-16,-0.007704152386862617,-0.008219216568268628,-0.007365221768905528
2023-08-17,-0.006590189238700361,-0.00586309929150719,-0.00764906407671706
2023-08-18,-0.0004265950585526923,-0.003812190099276691,0.0004811958365102953
2023-08-21,0.005214141654449556,0.0006942193314012357,0.006485217170904001
2023-08-22,-0.0022313039138781576,-0.00017347655970478826,-0.0027122888788975175
2023-08-23,0.011738098943544273,0.010529148725670012,0.011076181515512928
2023-08-24,-0.012802365444973596,-0.013309338947906646,-0.013956004395685895
2023-08-25,0.006051291607264808,0.0072815537872621405,0.007025064852663299
2023-08-28,0.007696761261993146,0.007057432722392676,0.006321339029518924
2023-08-29,0.014079582823723236,0.013121095882795863,0.014351295283906218
2023-08-30,0.0024824743035054553,0.000676949009165817,0.0041103540010762885
2023-08-31,-0.0031040174640146745,0.001183526966833881,-0.0014644620760764226
2023-09-01,0.0027939858580934285,0.0011821278864383444,0.0018634704461355511
2023-09-05,-0.005803701345787893,-0.010519250821221071,-0.004331297871980944
2023-09-06,-0.005837581018250937,-0.004101897351588946,-0.00674513767781626
2023-09-07,-0.0037708288710973648,-0.004118726637363679,-0.003074946267750178
2023-09-08,0.00041969274512787536,-0.004135826602283288,0.0015049542106844171
2023-09-11,0.008564912191538987,0.010307572510524388,0.006555105162656005
2023-09-12,-0.004795662599690331,-0.004796973125582582,-0.005500711436984496
2023-09-13,0.0003134504881519007,-0.004992709348472069,0.001165310005819542
2023-09-14,0.009151449629598574,0.01200907853069122,0.008585412055524877
2023-09-15,-0.008107297152534443,-0.006158086788429884,-0.01564260552722807
2023-09-18,-0.0010441524770641308,-0.005678377430275994,0.0005862678085062356
2023-09-19,-0.0021962993798165797,0.0015518608388234156,-0.002075983848075502
2023-09-20,-0.006512656859743338,-0.003106133693307811,-0.00923584435115199
2023-09-21,-0.01668387567044416,-0.012171959704574853,-0.016666477191232154
2023-09-22,-0.0006431295966660144,0.0008743418853329743,-0.00225107993342899
2023-09-25,0.001285845843476352,-0.003151268513644112,0.004196372024504846
2023-09-26,-0.014671251882988123,-0.014482763037508839,-0.014800251479124782
2023-09-27,0.0004346036225220118,-0.0010679523668608581,0.00039905371068815754
2023-09-28,0.006172521745463122,0.005682836942089153,0.0057807041341906285
2023-09-29,-0.0028107532757433162,0.0,-0.0024298563996039135
2023-10-02,-0.004448590399817931,-0.019852222967037036,-0.0003977899326779166
2023-10-03,-0.013465589758573593,-0.01602366889571094,-0.013476470329893964
2023-10-04,0.004289249100703607,-0.004783786854430705,0.007255588282935044
2023-10-05,0.0025209168389626058,0.013737737494874391,-0.0003768516258721988
2023-10-06,0.012294175102728566,0.009054751994405308,0.011802882777938173
2023-10-09,0.0035619250787899404,-0.004517127465502924,0.006381790559136569
2023-10-10,0.008369134738004824,0.015275676084630874,0.005191340882911177
2023-10-11,0.004583988851637244,-0.0014277713540407078,0.004087915912236895
2023-10-12,-0.00768734932913695,-0.010052164401455954,-0.006115110502897814
2023-10-13,-0.00569686508275602,-0.014537766977886335,-0.004993314857244968
2023-10-16,0.009120789729852419,0.006204402119849739,0.01046649133332167
2023-10-17,0.0004271776459505716,-0.00018197282325616015,-4.591319704960739e-05
2023-10-18,-0.014410443401271955,-0.01836261688325047,-0.013414646956172227
2023-10-19,-0.009031146112048027,-0.0059479673379638776,-0.008825232029717078
2023-10-20,-0.011985369064788642,-0.00804871563246179,-0.01236416558984299
2023-10-23,-0.0007746328448448025,-0.00206943189040798,-0.0017347143698360767
2023-10-24,0.007279935458481823,0.003947057083202754,0.007511114561209453
2023-10-25,-0.012830571266290391,-0.013597966092431246,-0.014456175911054636
2023-10-26,-0.01029435230267417,-0.004001131031487581,-0.012046887403205808
2023-10-27,-0.0036057202357833162,0.0032402233333796993,-0.004543076364740273
2023-10-30,0.011559596918761628,0.01360824671757399,0.011884883929670131
2023-10-31,0.004453290568837254,0.010086019500258558,0.006260627657925788
2023-11-01,0.009948148271346824,0.004635217228951216,0.010608265814448181
2023-11-02,0.019604233351817157,0.023582065335433278,0.018983031132927763
2023-11-03,0.011474038085332872,0.02020995349328203,0.009082025844375785
2023-11-06,0.0008526253260159322,-0.010322177622471784,0.0022978479156199327
2023-11-07,-0.0005328259607910724,-0.0064609090948728465,0.0028419955442773315
2023-11-08,-0.0002131611006221945,-0.002884961332924263,0.0007321314630717168
2023-11-09,-0.005988097290448913,0.0018040501658260766,-0.007829319807058255
2023-11-10,0.011410411412296817,0.0035984343113879547,0.015484303096414465
2023-11-13,0.00021208940416350686,0.0007181493123624705,-0.0009536397543268293
2023-11-14,0.021603163390850888,0.03353054029973812,0.0192149376135875
2023-11-15,0.0020727228134713727,-0.000694394134936438,0.0021148073588674876
2023-11-16,-0.0007249723000812835,-0.007320966592035738,0.0012223852980763894
2023-11-17,0.004445144233852005,0.014416260440242468,0.0012430303845869517
2023-11-20,0.006989444894003327,0.0051599569314584315,0.007668124752286509
2023-11-21,-0.002666611906670724,-0.007058647546637431,-0.0021817926592202497
2023-11-22,0.002769056075371701,0.0036216144139480377,0.0038533997022272004
2023-11-24,0.0024549712400441237,0.007545887815913588,0.0006151656456205856
2023-11-27,-0.0026597919193180886,-0.0013677214761713685,-0.001802583107498812
2023-11-28,0.001637626071874898,0.0037567907574489467,0.0009896124396355788
2023-11-29,-0.00010229748374701586,0.004421812300054562,-0.0007036685470760418
2023-11-30,0.002553758051393018,-0.006298410924372888,0.003929728299914892
2023-12-01,0.0074198985472655465,0.011713886911176807,0.0058984599349507505
2023-12-04,-0.006196379338666347,-0.008815118275188105,-0.005263235464555649
2023-12-05,-0.0019379112082971162,-0.003923907502241697,-0.0001970816221348315
2023-12-06,-0.0019415959591979615,0.006474738323353435,-0.004037918727863854
2023-12-07,0.0064236493992142485,0.008287537730595318,0.007601436708840836
2023-12-08,0.003247082480593022,-0.0016857467686506311,0.004289938682770611
2023-12-11,0.0035394533594814703,0.0020225682276509005,0.003882020560905808
2023-12-12,0.0032251560226450593,-0.0015165586128382813,0.004556834710761848
2023-12-13,0.013691342289789077,0.017054425502498916,0.013695899627010455
2023-12-14,0.006430905378405072,0.01709444836563989,0.0032042334658139993
2023-12-15,-0.0042496510992071634,-0.010649752944056345,-0.005694075349752303
2023-12-18,0.004446837206704579,0.002303380295461288,0.0056093096884453075
2023-12-19,0.007172043888565405,0.009812054070192033,0.006062470643089846
2023-12-20,-0.023474586002315334,-0.021548681016120064,-0.013954179408551148
2023-12-21,0.012449740158114508,0.015673021747893756,0.009437245558765461
2023-12-22,0.0014836215228974936,0.004246957125786821,0.002007675812166987
2023-12-26,0.0048311443973290125,0.00341718499363175,0.004213637385105606
2023-12-27,0.0028483142513486825,0.006799413695085299,0.0018064529064556467
2023-12-28,0.0,-0.0003227442013704618,0.000377659831337418
2023-12-29,-0.0018652383102883974,-0.0009687964313052078,-0.0028991719525492954
