Return 1,Return 2
0,0
0.22846927426727,-0.256381129328159
-0.919047929521348,0.880510678698933
-1.42271360381004,1.93765880875208
-0.555030908430033,0.704719729207233
0.261865324867246,-0.47241723454307
-0.367330420608084,0.452515733146897
0.588151034376995,-1.01126563308081
-0.025554389398906,-0.965595351012499
0.148497968214241,-0.415516822421692
-0.053701352228174,0.0555997427130419
0.188705667318966,-0.317815823034549
-0.216518166648911,0.545281766859107
0.489317357957815,-1.1285451803971
0.0943844424271363,0.431061168778103
-0.334064616137239,0.262113635114114
-0.511718715326769,0.172454823392664
0.133151967910717,-0.0928896401509047
0.29654525306351,-1.18349949769895
-1.16954661786422,1.18387957044355
-2.38113974362362,2.16144978328467
0.759251106162558,-1.11105359819681
-0.489381004179793,0.354887074246988
-0.236113783594889,0.0945921825218813
-0.389908595678637,0.540802246697271
1.2611309814004,-0.803299529947212
1.42984905615698,-1.19106603067807
-0.123575057366261,-1.16824019853264
1.63198050758595,-1.49222207255025
2.06457670280462,-1.95077706543295
1.3735180909576,-2.30640762091696
0.630935027878778,-0.0562030932029428
1.79895718741218,-0.912636820524991
-0.581343367934307,-0.595394065905096
0.958268427670099,0.835128385607231
-0.591231026014181,-0.240592115956758
0.872359520981379,0.64859919601839
1.525646445065,1.58844509803808
-0.490575436526508,-0.57584947910746
-0.370935438554122,-0.216120580926114
-0.756340729024909,-0.0605090756337585
1.09476048824208,1.26249090408562
0.196225693122652,0.671435225568213
0.768392072585749,0.228635015184788
1.34983069854705,0.386289003118629
-0.542070762946109,-0.861457758858379
-0.229433316410687,-0.141707315067247
0.2713378717617,0.208287158759221
-0.534087944608699,-0.103135725226994
0.802247060144878,0.997986678265993
-0.179481005209167,-0.497878051824117
1.40274706308584,0.529401784844326
-1.58552552396011,-1.12286606992216
-0.372718311649112,-0.292032606163865
-0.501569528786503,-0.840578368256569
-0.246977446510142,-1.17153219910702
-0.578825697560223,-0.455910228558196
-0.483389799038732,-0.703833627000362
1.30581008012153,1.64639034467602
-0.408697825647595,-0.383920943817439
0.357939122221272,0.335805579346465
0.0527575091299742,0.261409313896358
0.811925440244214,0.678253970873652
-0.877818366568993,-0.563492277516799
-0.798775960223915,-0.628736656311974
0.43079272621232,0.913720441048586
0.276672885216031,0.622221608522438
-0.646239812171782,-1.42818606560911
0.710533698261343,1.43436367323558
0.855799523986767,1.40142479951271
1.99023732496335,2.2884370642962
1.43705255258192,1.37773592043182
-0.305233898854602,-0.544316812836544
0.382795084216744,1.42408867711804
0.85159116755334,1.29148614426791
-0.495584104151405,-0.0476254796298771
0.84003085079623,0.241277345192825
0.504596546973814,0.282418753376395
-1.53942901030616,-1.93649742592502
0.104903878759457,0.206295142335366
0.394913761510656,0.412940393267517
-0.124411534662018,-0.296596779487903
0.0495347214211255,0.201669616769142
0.0963031181219307,0.0786474915502379
-0.190468960964655,-0.26600561634243
0.882562205276575,1.39477273924606
0.310794432297758,0.818488477224651
-0.267919390626687,-0.295721175805962
0.011446655969394,0.0858844802337861
-0.353671510104075,-0.920563881350903
0.703078879312956,0.348035227110647
1.04931437901543,1.06936739099139
1.6014578206467,1.77277169524235
-1.22354008508305,-0.874096993760287
2.05902063119791,1.60708152718831
-0.448688838620764,-0.814833550942848
-0.522224221811603,-0.441166192149254
-0.791657285137785,-0.841647600379786
0.516031104605089,0.806940466665724
1.06418675628759,0.542209678436803
0.952822407886934,0.848818111715413
0.624563419645153,0.449901950810697
1.84524362186844,2.80193428421945
0.882551114281626,1.36403722192928
0.259482441589171,-0.0858321637137221
1.02687224057366,-0.331510553027581
-0.115901937664043,0.261537117747005
-1.6204643543669,1.71536869069771
-0.998988575324153,1.24770923729498
-0.113230669122853,0.344085619208854
1.67085676214381,-1.40696877149985
-1.18882236629467,1.09025750618681
0.989712623434962,-1.07745827148542
-0.1165969949411,0.00876240532705074
0.805798933498982,-2.5126264412465
-0.662858255068714,0.936445597626907
1.87763931064417,-1.67639609240144
2.1447434010833,-1.68566077119303
-1.24741520615336,0.207343270572689
0.937038208899336,-0.612706995630018
0.778481995613586,-1.25722648561914
1.61565402828215,-1.08693399165707
-0.61616661149783,0.585659543649431
-0.33549556473201,0.998112751379191
0.376548912389564,-1.16360861082608
1.62948202653425,-2.00680869965632
0.228710814628357,0.168361740128623
1.52931875896516,1.57120036435012
-0.0966342597606729,-0.378321859897008
1.63664006862241,1.2520119416114
-1.06928078325954,-0.251907039922329
-0.088314259290498,0.167050666452926
-0.396782478561841,-0.232829901494816
-0.454106096008143,-0.259745979397769
1.19841776096015,0.554959073122258
-0.709730251912487,-0.408631412204984
0.462906959039046,-0.386477353433728
-0.218576663091943,0.0586764704183341
-0.141465754016279,-0.514336794359552
1.01551706624117,1.33979823764322
0.20870033453432,-0.174765601952616
0.0255471642960406,0.0335056625210699
-0.642953515129745,-0.809091002148657
0.138299830924593,0.195161375111918
-0.250926075138498,-0.411970856799482
0.136383691355055,-0.1101477841588
1.02340708137645,0.739010227959579
0.0308157312791836,0.0635158075173819
-1.45006277645805,-1.25535203344463
-1.24388505634623,-0.971061932813565
3.21871411786409,1.85236034965996
-1.68897942222459,-1.40698811697822
-0.0340299603343012,-0.174281894086809
-0.149124058059527,-0.649861173460999
-1.34615220419843,-1.98850949867183
0.977792600121793,1.00682331465151
1.45444012794212,0.621372936719246
-0.595641497127826,-1.32921227922152
-2.30018317222511,-3.09407653122728
-1.47276917024675,-0.237603980260462
-0.467076941598098,-1.12105367827398
-0.435498789119718,-0.238862655709937
0.390181094773682,1.02524030345403
1.54060917712462,1.5491153678765
-1.38739088252576,-1.01168530037617
-0.127876764174344,-0.275711631397195
-0.805074794047864,-0.693563213408371
1.55899404920758,1.67022900263545
0.270508593448723,0.032709684735478
0.677567447136996,-0.201271085585705
1.08042802544501,0.946920205724452
0.439905598491465,0.242754521480671
-0.346692924361542,-1.20436425067242
-1.79104473694975,-1.28437877693796
-0.936530082738047,-1.30723942523447
0.52161327615714,1.06448530284381
1.74379223170513,1.45269341803936
-0.35309879254863,-0.132349818728888
0.371974115272782,0.510677144860327
0.456182051535118,0.489629095202578
-0.35243603786797,0.20965423787751
0.622241666882248,0.0971637601556642
0.470036729870817,0.188684586363107
0.041311293527091,0.218952195606831
-1.11382633488831,-0.529448862285857
-1.1306912109199,-0.740738983028671
1.04889961704382,0.814493910308709
1.82754593648476,2.03174731058439
-0.215906321075629,0.200423426878676
-0.769626900615761,-1.14902236953468
0.221857997149343,0.420793057612901
-1.34919438253735,-2.07142863674627
-1.02398877435286,-1.62396100837633
0.0870165586870968,-0.0301526343557449
0.370037361399438,0.40745736317057
-0.062577068626806,-0.664598428633952
0.823475231172503,1.01536830937169
-0.868363587138863,-1.37282081277339
2.0137691323522,1.69768161655584
0.303654398467203,-0.480132021719046
0.462232084886946,-0.24881337820578
-0.298274527710702,0.179498185684975
1.14344409779068,0.45292893837194
0.0879415288157864,0.170121059674376
1.46280948650472,-1.32451051547713
0.826807731837522,-1.10615380472833
-0.33955995000672,-0.292632088452899
0.127349832155962,-0.367890251112979
1.02861310791484,-1.70518534549554
-1.96846684830404,2.16596924097392
0.0208653566108993,-0.173955316147632
0.282788736182559,-0.31412997220199
0.793265230579448,-1.5682293785537
0.848640144757152,-1.62679231650465
2.87878703639808,-3.6843940288446
0.942837509987713,-0.464716028302746
0.10643094235254,-0.41373480731461
0.0442697734691412,-1.08530606118564
0.862364540584942,-1.18028240334908
0.450406323167737,-1.10118860317572
-0.126672264064162,0.737009983500536
-1.59059626063756,1.61419066989558
-0.0913802974103097,-0.430183135339922
0.681673746892882,-0.322729707017991
1.5593547124977,-1.72313404333133
0.249902707712123,-0.413960328849316
-1.10709770349617,2.11022776617284
-1.18107827524753,1.13177428371727
0.372105217149503,-0.607305713268778
-1.1179480817281,0.547868046868374
0.599055229459467,0.200490419737323
-1.01621926371543,0.862742330671956
-0.475205850427732,0.8371887204222
-0.0471310416856152,-0.109749654032622
-0.366749759977358,1.02747014231514
0.58293384979863,-0.637234951839434
-0.849972891642186,0.14004706444678
0.396607767491951,-0.745649776368804
0.459736698454492,-0.627861348772708
-1.04236227829466,0.556233042313278
1.67520551383487,-1.07167838208552
0.201885559005039,0.280919186018749
0.700902644695,-0.6507442990542
0.260404217059995,-0.643084324626755
0.743509407019545,-1.0920661970609
1.2675748749727,-1.70175526419462
1.54780114201197,-1.12011916998465
0.178733005539543,0.170828649342125
0.0909990568774707,-0.081972399077823
-1.1253431593549,1.17962762547226
-1.01211013668041,-0.211813863239222
1.05334081395569,-1.72725507324431
-0.761285094016119,0.515631485969794
-0.194475576846543,0.260078681676873
0.684437489154448,-0.547965310374944
-0.0827869994016377,-0.138878113578921
0.513789135836938,-1.11517031617354
-0.494852205968908,0.790096236993324
-0.45145931335924,0.0276198417982293
0.207123406907996,0.547154637799136
0.345152365960031,-0.249365693763231
-0.648053942654385,0.723404193339948
0.297381306417275,-0.732751598489354
0.908296600289771,-1.03276409955984
0.992863780350978,-1.55071202196976
-0.443730723179789,0.921256003963293
-0.165287010315442,0.426016045112253
-0.689771042649047,-0.390023918521168
0.925697591962258,-0.985566663457847
-1.16109566463178,1.76581478592592
1.45716113307898,-1.40944993303423
0.862551201261017,-0.255647844986836
1.11400781486791,-1.01257096244574
1.84400248884888,-2.10143183517205
-0.697661941351904,0.589182282701104
-1.43782302279643,1.70577252006284
0.304338326638758,-0.453965429011282
2.21694528772817,-1.47452563676228
-0.517821042670887,1.41421856877694
1.10873447680702,-0.968334811995631
1.63971856414609,-1.89292960696596
-0.257281972509091,-0.365773031619287
-0.811467260863535,0.254344390663268
1.19036338708096,-1.06813876255353
-0.110664943483759,-0.250947967518499
-1.36127216425307,1.55942341716018
0.222590396859008,-0.2462563054298
1.04718818925158,-0.392446589081119
-0.313094919057502,-0.56415073292227
-0.0114021922618016,-0.884428872235975
-0.538945381588636,0.347230873132973
0.820327601187185,0.436019338594807
0.476817611038143,0.693508049796298
-0.683318024346621,-0.137564359047633
0.866803974795955,0.0359006198123567
-0.684701995654652,-1.15626387540459
-2.15194864852019,-2.5948226528256
0.267457512621862,0.408170252385518
-0.119301351997048,0.00774732455390728
0.38106288253071,-0.519487080784072
-0.0979959785914899,-0.226346962906406
-0.908349535381224,-0.3488968052759
-0.529678490338035,-0.171514423718169
-1.30045398541853,-2.12922464695161
-1.18866166460301,-0.959049788862469
-0.289328757292578,-0.859783399882303
0.11827226947899,-0.887432090853795
-0.755017260705061,-0.584224498955717
-1.15931440569198,-1.04014021781337
-0.109964276999905,0.659987650890117
-2.11964769256708,-2.71114023964777
0.37837154558335,-0.288396379129972
1.66362076988407,0.720550626652018
-0.699642303847045,-0.0563725716527562
-0.19922225353878,-0.544471359036734
-1.0301418363344,-1.37522755624154
0.601292578149132,0.226374741522646
-1.6470306563328,-2.49798815445387
1.82966526053681,1.58812450927995
1.06924333603454,1.02986123679168
0.569042481029853,-0.172091060573018
-0.576389579582021,0.255195078035225
2.22586472465298,-2.32722650722119
1.66668246132009,-1.89245871091509
-0.189092968053863,0.0202728120252258
-0.630636048978726,0.0512702422502172
1.28222750083929,-0.55298693217862
-0.977671943568517,0.71294598052482
-0.472831952261981,0.418555965514551
1.68783505661743,-1.17702644305786
-1.27031853656475,1.19566070592132
-1.75340517449383,1.28635017386851
-0.644160745102391,0.585690323928826
0.452663016476926,-0.544168469069819
-1.06911912724908,-1.15861818928502
1.70906339758408,1.38811958276399
-0.149529003925119,0.369663034332534
0.310864398193174,-0.0835445423366438
1.19360358606324,0.703689675710555
-0.491087643621337,-0.0420948940219526
-1.20701182174778,-1.43149982366308
-1.5476151247309,-2.00950336185326
-0.672428270523975,-0.877159407215315
-0.0384767569758882,0.334496590231238
-1.24746568182463,-1.76220388863692
0.530184172029277,1.29535024306765
0.346090338414812,-0.266262918207261
0.590436435874454,1.08562841578632
-0.0371586772117332,-0.535164961455029
-1.11636071310573,-0.882396883715973
-0.782175668598775,-0.802776915849567
-1.4903379274236,-1.64571506090298
1.08467661286167,0.57341650997212
1.2833147237697,1.21630609756506
0.587172568029303,-0.243766735704636
-0.534653918534526,-0.167765658379243
-0.00299399052301065,-0.440740016355363
-2.49445081935561,-2.8456002094374
-1.40471940082984,-1.50050733678804
-0.252858644799629,-0.643773935876256
-0.455750286860016,0.534182887805851
-1.43533202610105,-1.92106068105324
0.130103477670177,-0.0786906539646017
-0.592121260720594,-0.208220177247286
-1.46525004494916,-1.48258522710361
-1.60311206877064,-0.695194326278273
-0.055173086676799,0.0670660611612909
-0.131055746339857,0.99385786106882
-0.84564784102466,-0.464167413513459
-0.620035975597213,-0.754220126560233
-1.22527357363496,-0.863605016292439
0.335055595885596,0.540832511474562
-1.27423859785539,-0.889003823573484
-0.139543793244151,-0.858403609127904
-1.19945500139865,-1.84279737088331
-0.876040670670402,-0.858310982394362
-0.089932378152939,-0.0670088626703365
-1.45486155147297,-1.35980980193664
-1.46536957989032,-1.53583157483193
2.0435706193899,2.00021191924083
0.681270529164995,0.227593662109962
0.0846275484861072,-0.440216475582393
-0.780141113011765,-0.53241626951514
0.64621873385922,1.06250542587079
-0.820438973913557,-0.729121266096195
-0.206678401918146,-0.473871896233385
0.40917506302718,0.265426678693064
0.711674020970346,1.11612498896952
-0.318566948851616,-0.370314149220718
0.597825727486956,0.944513330814559
1.5125300779306,1.86000724357511
-1.86890348996196,-0.293640863951527
-0.124548811785778,0.656300754536249
0.509698257273757,1.1542147368728
-0.621536985505435,-1.05836746414969
0.317694191340476,0.615684067475715
-2.38720585272457,-3.04766729546269
-0.426419126144714,0.0580370308718424
0.659012898984615,0.303924805321931
-1.44482717653597,-1.31384475376513
-1.11777012229698,-0.525957435049747
-2.0388387160972,-1.48866380754336
1.24923359772427,0.802044362398141
0.719954019071293,-0.048839210823537
1.10123786713198,0.470155401583065
-0.539465621811657,-0.473954984628527
1.19885967859446,1.44991677867525
-0.255113918891121,-0.564400027654301
-0.4934897811627,-1.25939005236989
0.346503070802546,0.106266617209095
0.197414177328016,-0.304436997695348
-0.116294799075201,-0.821865095940672
-1.13770164815957,-1.00959900750159
0.570502834356806,0.89133003536039
-0.984733327039883,-1.06037664022237
-0.011821333943442,-0.103146012169463
1.08203974567516,1.76980911171446
0.603600467559979,0.593870280978774
0.538018664536723,1.22800210481306
-1.35006692036707,-0.465281381386951
0.111535621276633,0.42059162391015
1.09882804421287,0.408988414478534
-2.23063852754203,-1.53206192885836
1.47955712482556,0.54577874403249
0.426382268183538,0.268432279409975
-1.80203075508975,-2.5838722501318
-1.37651179831165,-2.50252784822483
1.16541372425441,0.949774743160427
-1.47666688462608,-2.42905052267907
-0.610242015458036,-0.610761181443213
0.0981335050460733,0.885410452487203
-1.06233689497514,-1.30086186196291
-0.13871441569369,-0.156200976186027
0.265326472168534,0.601518218944999
0.647809074632258,0.381814180431846
-0.368044791504731,-0.31880579900534
-1.20123016277569,-0.664335194205818
0.111322736986335,0.265699280086483
0.612589302138276,0.993512092178909
-0.10148046612256,-0.431084993913961
-0.322671697859584,-0.29789803183044
0.709584000567673,0.915237260745684
0.0118684522099373,0.408834373015367
-1.29371362018149,-1.45770394396114
0.423495782980145,-0.0349739341531342
-1.54657340719044,-2.05547149875449
-1.05439651180582,-0.8379127034842
0.0918318359255523,0.505833085560313
0.255823401320765,0.896102882500387
-0.175150241292949,0.0506103418633156
-1.72838517589543,-2.37095172062798
-1.68105966543358,-1.03411199515861
-0.896547377930561,-0.849820394605012
-0.519805224486328,0.3993239805455
0.53444570228645,-0.202084259632474
0.668628844687488,0.126344879924227
-1.23107731139159,-1.12736904044649
0.670417661139789,0.803564493618218
-1.14458301068523,-0.904314766662551
1.02309791508805,0.616313890970016
1.10792137888341,1.11147738373716
0.951453541468844,1.03736604650859
1.56057000536328,2.07142720568889
0.119139475674899,0.0149624518215926
-0.122047651327651,-0.25599636975002
-0.325999578437646,-0.761203492720432
1.45714508649689,0.863698717088301
-0.684574549821129,-1.02969732795207
1.37805346963254,0.791049765307794
0.516504444624746,-0.0911139335937958
-0.585983416997158,-0.651665172172895
0.843290288786069,0.932595511764872
-0.777222656149161,-0.70093573987447
-1.2880824383514,-0.804717409553115
0.70313988026588,0.320181484508924
-0.300188599092769,0.21195278556672
0.0560658926231365,-0.287150533462144
2.09203503520556,2.15567712858607
0.904911356655285,0.237547315826199
-0.971381502243221,-0.998209377206056
0.505300416791979,0.446323484242684
-0.0337110183578158,0.51801053004731
0.604567577195065,0.249200564959248
-0.603319191530056,-0.404623385353693
0.3140196672682,0.352312856461509
-0.63533648365634,-0.87600330436015
0.309497300341806,0.620545681389859
-0.0804012264397319,0.7389590307905
0.236687475537516,-0.0185317258419449
0.00204623742544361,0.528114436541159
-0.941147270904367,-1.67668118278156
-0.00520118015473824,0.0671645893531054
0.543016863307129,0.626068965943642
-1.46200480081718,-1.45922274035475
1.6001919213463,1.89092238956771
-0.394688435286428,-0.345665370088885
-0.497272273222158,-0.153361958282531
-2.31259951449426,-1.02460047952339
-0.794610052538825,0.206551071913577
0.147276139974845,0.244937376450824
1.39856581027586,1.440474666914
-3.02773133426779,-2.37278891077755
-1.45432670460911,0.105573181300528
1.138389560266,0.53771087185264
-0.287075493319607,-0.261649851270146
0.359028638375439,-0.310386556783575
1.02259609906586,0.520450826725843
-0.467608402464863,-0.59920190883021
-0.0986885827600744,-0.501898718450769
-0.0894569413570688,0.0586577227492693
1.83935363957771,1.59367202594523
-2.05181994574793,-1.36332318204694
-0.436642348724917,-0.591747199565763
-0.757811428403736,-0.29711382583678
-0.330723235085643,-0.39066955918339
0.256722024136441,-0.337226365972051
-1.03656738935411,-1.45215700393314
1.86347341164566,2.01338013675016
0.112949653404825,0.536879258915576
-0.327774862638606,-0.577055864814776
0.302579047306154,-0.0685607837604371
1.14231371288551,0.761235258262605
-0.926200660796524,-0.743782548234299
-0.483225744925975,0.19008335602982
0.400753130332193,0.200561178314825
0.677608631395785,1.19266855831478
0.989920472035582,-0.109243222298224
-1.92843695054999,-2.23235126294625
-0.794513503459006,-1.45387572665328
0.479775639625868,0.460749669464886
0.904386818083448,0.964676603125618
-1.12594819121533,-1.21621582340694
-0.352701226182349,-0.272891662424518
-0.0997582571899538,0.169463787057184
0.483916140903474,-0.875228441956423
0.55642600994331,-0.133477842356105
-0.125372197522662,0.396817600961901
-1.2328452695304,0.5333365630457
0.934055251206728,-0.33257867747712
-1.4952447355102,0.986877743589488
-0.136626873786895,-0.0585411165873573
0.766499149244316,-0.333597852121042
-0.534448196479563,1.06520320260958
-0.748539039509686,0.299370107909758
0.840112669112264,-0.454775388603004
-1.70033462275039,1.28909002135959
0.273211712278161,-0.154427682220856
-0.122451127925389,0.772114977939648
-0.372216514427333,0.919096122699052
0.489955866245611,-0.43220447183934
-0.533897680977305,0.779531515926676
-1.2217757909817,1.9865747474411
-1.63245529569728,0.956783819755115
-2.11127787636142,1.53434582133083
0.74425050469836,-0.174929248767811
-0.900295199451479,0.685539880466253
2.22779268681525,-2.16010712123467
1.01637404717059,-0.853952844555625
0.0495439761567608,-0.618412720881778
-1.48563687715724,0.470427221378373
-0.297677934637513,0.624029085782628
-0.426757997907137,0.774579383806384
0.122427495689239,0.779119192400671
-0.842191008497132,1.10456333051384
0.0690717683525484,-0.0823487482297025
1.47154833987447,-1.40935738376514
0.410265469036526,-0.572773921162539
-0.962861495394442,0.808302126248493
-0.0491053154877635,-0.358489157460801
0.559246368831424,-1.29781042519008
-1.07341717853579,0.41265273851793
-1.71335800036824,1.61738236782662
-0.695408977704387,0.214863202320519
2.77824331047814,-2.70941940120148
0.602708707171702,-0.398920401615961
0.360867724361854,0.115997710327457
-0.258655826690813,-0.0204628030387227
0.402338341114833,-0.857438754291877
0.989618950194504,-1.76103102632207
2.44399861055242,-1.40886218076788
1.37339968285282,-1.25362831131818
-0.394320761682573,0.301241382975899
-0.0562304950168217,0.523131017065026
1.11421823930789,-1.43442817464686
0.235523004774251,0.548078315023204
1.25315223552366,-1.31325142299062
0.533372113705137,-0.8986892553765
-0.766578949207238,0.773703012803067
-0.565675479858587,0.486582674011226
-0.421887288520113,0.41724089705441
-0.306483384331648,0.41632225605431
-1.52032479431252,1.26368268275033
-0.838078947065326,0.571542320538377
0.603175589769183,-0.52506672970571
0.673510292478122,-0.12088577391704
0.0274599015870089,-0.229251779761723
0.870508970077865,-0.52572952520175
0.743790677045109,-0.626361494638668
-0.720260929396273,0.795745763520859
-0.636480679417896,1.16675699999325
0.268014715026259,-1.08882209166784
0.728195213229538,-0.598832089897385
-1.04751774975088,1.04303227109868
-0.850478361660679,-1.07088886028568
0.695280237650773,0.222907105329373
-0.027014353189499,-0.36739062500172
0.177674786165691,0.526953135242767
-0.725744560877277,0.0344959954877411
-0.12320867762827,0.0710347752704768
0.357343731474353,0.359275762149965
-0.00687850085705264,-0.0116686018329408
0.0421448070828358,0.123979975840357
1.07334378963091,0.758063295567252
-0.507959510413647,-1.21872554116422
-1.77351434011363,-1.55111662277768
0.516700238623884,0.267948173040279
-1.44357228711039,-0.892624889974133
0.146646449862802,-0.241076188824931
-0.0377347703825336,-1.27744834967452
-0.682656732783776,-0.67314920278021
-0.18198373102533,0.0633553959637442
0.814381083637512,0.639544536746315
-0.319120652222171,-1.04354187387018
2.01336949081614,1.54297121982243
-0.125242652075554,-0.206987287902113
-0.783831727684931,-0.672836660459904
1.22661612214886,1.4906062643765
-1.08225113376723,-0.795625111618123
1.31297967797409,0.835194932342199
-1.46378141131411,-1.03592981854571
0.940301856375138,0.582808722093159
2.78211655618707,2.29419609789954
-1.05969508209658,-0.808639230357009
0.0342724102973482,-0.21556220290499
1.04268679293327,0.884813079030543
1.37448613019342,1.51695053438406
-1.22889388457298,-0.185777114532669
-0.381994520465868,-0.306959497777093
0.553855615882289,0.42243529245976
-2.18357595415325,-2.61985430112455
0.273259474963656,-0.506717210261278
1.2235690486563,1.25325588771919
0.339415907737913,0.273919712895337
-0.069811048368877,-0.245132511050819
-0.0144314368393927,0.242735844339244
-1.34361801409285,-1.84288972428681
-0.0128219481397454,0.628868660291343
0.088390543091789,0.050198903889708
0.168433569557101,0.277406957140227
1.14988519651539,1.04591717574763
1.56454346568691,1.06887017022665
-0.154529881006198,-1.1597467811671
0.823182936088385,1.2635920756148
-0.189338834067057,-0.331004651042767
0.0164647112176417,-0.787531675425323
-0.799132869755998,-1.56544708660423
0.714046475560538,0.732532142646969
-0.743143844556605,-0.873149847074752
0.307498194608761,0.47609160137042
0.169735153400825,-0.342053140547862
-0.0520886245800778,-0.786879832551924
0.408386416244207,0.139013224831004
0.746638948059898,0.864944452405903
-0.419765878638873,-0.39592740707951
0.638850532502063,0.239290127652535
-1.60007579402658,-2.14332573234706
0.0578238772277073,0.108767618984781
-1.74121569539893,-1.9964418622556
1.54041499756887,1.68144427102259
-0.647437579153111,-0.534685036601097
-0.182453438656182,-0.333916564590059
-0.185962371070397,-0.548488663994585
-0.494621591557016,-0.363450766790836
-1.8482182522118,-0.913672897667704
0.82317137630074,0.363275964900265
0.4928162389544,-0.174130288387312
0.200183309273975,0.151294105113093
-0.316594683151134,0.313292071760815
1.7882978640025,1.98917322896342
-1.11551866100123,-1.93933272518059
-1.01271962194683,-1.48422523984799
0.921940009049118,-0.186891279140015
0.469772214360365,0.646271315200493
-0.500050137813923,0.253190368097643
0.195187829020976,0.524913887203611
-0.859552020689167,-0.664611124413733
2.32426284533137,1.72378274748786
1.85793698540313,1.04142681932474
-1.28545688264523,0.991755340878235
-0.242833217087672,0.539486007704419
-0.0111143232383374,-0.0989304631273582
-1.01773734123381,0.928455365933823
0.0241886057677687,0.147924786995525
-1.25152164900178,1.99777341075193
-1.28219697279028,1.88538301028237
-2.31458210791656,1.92293628689099
-2.49721884133766,1.7369174946099
-1.73074772111279,1.37387765584401
-1.36485919586823,1.20817988972615
-0.475825602562415,0.0457059259826725
1.86450475279623,-1.46594666161836
0.875020200602008,-0.34951841502645
-0.00298392423218145,-0.140420480367966
-0.665906465800806,0.0511802400888558
0.0257574948403444,-0.174505359545877
0.769458186661426,-0.537046585740281
0.150782696241243,0.183215748158066
-0.919371872883198,0.977132072871431
-0.198334849276847,0.391893943776116
0.394953660592936,-0.489186157931779
-1.13977495724834,0.977257574866107
0.570705079801677,-0.615165038913626
1.48654454808089,-1.2515082260053
0.0688729761551892,-0.0262943680608732
-0.489060607978567,0.472312900826398
0.609731096054811,-0.522051255569931
-0.685194525904718,0.532162428774367
1.00519236704575,-0.72370185825887
1.72322280880572,-1.46102409947537
-0.780368329110036,1.24295274637159
-0.370079662269907,0.761266478568376
0.626373273879885,-0.663993483181401
0.695033924515425,-0.681038015034255
-0.644660501998867,0.940285720459329
-0.309466138757902,0.363354096518366
-0.156148198548417,0.509178199787495
1.36543594416397,-0.910400780728832
0.52770663146584,0.122449474107604
-0.0451833620469814,0.186623210454878
1.27883416016665,-1.4683076224125
-2.30487961488532,2.77491962603367
-0.937268874638824,0.0128843831917595
1.88481962884766,-1.71014983139152
-0.558070716759699,0.575150253634505
0.465053084747907,-0.155826399914379
-0.0044170143593251,0.269573099597837
-0.440506510877752,1.05225817836738
0.355576958533564,-0.258871883871514
-1.75505869261115,1.6261765354016
-1.26432148701688,0.916420587314295
2.19865981757827,-2.15818000415889
0.324543841324334,-1.22420803762086
-1.54139499275638,2.27520828270077
0.908671009618313,-1.41624813223684
-1.02212971433526,0.592509564843176
1.21334205720082,-0.752408876234261
1.04686312899457,0.0718406584633747
0.614429706084977,-0.0161468880453764
-0.42377457208313,0.480450388899924
0.383687376016459,0.360038394767418
-2.49010256698421,2.63893417879584
-0.714382316914031,0.490769545369043
0.517776070583175,-0.57159900942331
-0.0164133962674026,-0.0121746827278659
0.346899154524203,0.785338096876902
1.04793450965067,1.14158748922303
-1.09096303065115,-1.33819712666185
0.812476160127598,0.191484908975179
-0.227483749867623,0.0226967538115599
0.520392710209412,0.673941127448972
-1.66054039874848,-0.82150317391041
-1.00565797220714,-0.829511525154469
0.322472968316198,0.373988980102536
1.57640763257208,2.35465814231417
2.04774607810051,0.778664382956773
2.0890234234364,1.07972799547265
-1.16266451312291,-1.72547697936691
-0.672979039625862,-1.23829896320979
-0.345283608867454,-0.308600950139703
1.92995540390837,1.35244834352389
0.145352078780359,0.318529053232797
0.134574255815727,0.227391335604829
1.34561203995544,1.47411350750875
1.92777933061521,-1.53802142884616
-0.6342239797253,1.79682001335891
-0.981131970996491,-0.987313150532901
-0.780702465235072,-0.879903320892701
-0.548435807670162,-0.0251033535630194
-0.451018482712873,-0.404791129579576
0.750787064096182,0.679940718454975
-0.996660868037159,-1.31979134385976
-0.119437220767356,-0.853800057655514
-0.644626020427238,-0.352226199659701
0.283589786609522,0.168905644003565
-0.243796606382131,0.0429928729223082
1.55218551212324,0.886594318961826
-2.03872636150772,-1.86430512846501
-0.0080802672734336,0.761300951024285
-2.11879788779088,-2.47530112051433
-1.70414170485041,-1.50953007553126
0.909939872615348,0.581263515719861
1.35622301286577,0.749885140503357
0.552712889412309,0.38790012423145
0.776589169382135,0.683832730700765
1.4959425086791,1.46420232467887
1.44258393969358,0.10538707580645
-1.31585716286647,0.149406225789392
-1.11130188022798,1.15641916449184
-1.22310584739787,0.564323143537635
0.902939697564017,-1.56604322550994
0.530350105708279,0.130311505718997
0.00645187833695784,0.427483390167808
0.816282387943365,0.002356434237713
-0.0800937348669964,-0.765672463879631
-0.16549810048445,0.396854659805235
-0.295086584300794,0.241286340723167
-0.810010969983587,1.09529691885675
-1.30057795746101,1.46041186471788
-0.438974203608268,1.41726186637387
-2.37271910768973,2.09036125563199
-0.109119391343008,0.549350326112932
-0.666756467714769,0.0711016109468866
0.291988724934701,-0.742143093616851
1.1753499705122,-0.823305776231414
1.74647637508419,-2.18559546513819
0.253218780956007,-0.23984553510307
-1.0312462617897,0.899139368539308
-0.0410394461727299,-0.208787187033043
-0.396341326577752,0.182844670549067
0.687820404152647,-1.15937618400314
-0.178624091429186,-0.467334032786839
0.510184270758349,-0.612001674904259
0.449336980298797,-0.350099037676644
1.58374797668514,-2.13234120917651
-0.460749809357773,0.609195801837948
-0.0195317043282088,0.0477992757513727
-2.07315714489333,2.35323600330118
-0.599361401342618,0.51154444790205
1.76123371923498,1.07199028854986
0.516453214011626,0.804277958516653
1.38668269931659,1.3934226382716
-0.994329805555806,-0.599785220930387
-0.689834060834317,-1.62431203553449
-1.443831422888,-1.14853822857612
-1.09426440440898,-0.643955946678405
-0.251051826767636,-1.29027011996845
0.898814293343466,0.815359964430269
-1.83665921640482,-2.22216762219293
0.901732327257884,0.789721226161253
-0.253937415198197,-0.519304372859695
-0.874415029394088,-1.38555151234079
-1.13644089802528,-0.511211124820158
-1.12479955868731,-1.23344081081684
-0.658948392696776,-1.17286158785928
0.491520662249426,0.420565157416506
0.998433737808985,1.17475116596658
0.864193143635621,1.08046505808814
-0.40146341719279,-0.717386594021611
0.240364396789226,0.485072164435082
-0.920386123444297,-0.664616422279298
0.56844416090943,0.732268683189943
0.706517511514153,0.815875332525507
1.95550874028911,2.08658333569515
-0.775918065033462,-1.36627682797491
-1.37398708826786,-0.839350098104329
2.52355603325022,2.63590170648472
-4.04933123808111,-3.90993929206359
2.29260632009784,1.31796485445343
0.298031141874311,0.567757869506111
0.775086211198793,1.19254271090869
2.33213515187904,2.56914743074514
0.559696061134694,1.21749191515553
0.0637273249025421,0.11916233524759
0.336804944769271,0.947042804784955
1.27721804858855,1.59733222004925
0.105383853482529,0.53230441378633
-0.079176134357623,-1.03332756267071
0.714311269469931,0.854628285214202
0.55408723130146,0.6430199238097
1.89418346666251,1.84539212815511
-0.970755484996325,-1.12772188270244
0.564920654696241,0.130472588520954
-1.27100335895263,-1.48927844802631
0.917670491032402,1.21273172309263
-0.892338410910095,-1.18108804466388
-1.09577390084144,-1.6434330779894
0.00928002385488844,1.60187848475515
0.498581702768923,0.463805111053583
-1.44373794790964,-2.2722827825935
0.594569896987388,0.840062541101009
0.763113529799857,-0.00525704566860499
-0.957883670254775,1.24782487945954
-0.13586755108387,0.434773147859849
0.162135155016602,-0.591500502423115
0.58915145958033,-0.877503454687879
-0.921404145270483,0.451686762816664
2.2877973670896,-2.11742320401498
1.1896330906283,-0.263828935463115
0.420715920235352,-0.147682563315089
1.94490217092258,-1.78032402620097
0.558498816510843,-0.558734160420372
-0.631670652962877,0.845253619956756
-0.271179052129526,0.289173776863497
-1.90359476970597,2.19446809597715
-0.340932045956594,0.209418514421594
0.490491150267982,0.253290649641243
-0.0566991124167842,-0.491743776059438
0.696527121720512,-1.77474912860162
-0.637149653610257,1.14722131032196
0.991185186359362,-1.48883560975787
0.82500004770064,-0.734584830996925
0.272645095085578,-1.02674542156988
0.183344652223138,-0.351136376174237
1.25466206705739,-1.76078170431852
1.0840019904957,-0.838969501670426
-0.0187312318140113,0.202389017583084
-1.41723276516145,1.37098806242877
0.420138898548526,0.0759027240960454
0.0261881894752496,-0.164794657637748
-0.595886461281702,0.248891395282021
-0.212960286892968,0.364695722319579
-0.368764644469643,0.102894549470616
0.203669863773354,0.0852714604069557
-1.38345648428519,1.44853689345279
0.452530571822473,-0.0826191798465747
-0.917799816838924,1.43439451509232
1.27330496152614,-1.16537598362618
-0.440794946595139,-0.00634840182764035
-0.235105626143546,0.17143045128464
-0.136829166067564,0.586629094297221
0.473108278702062,-0.157830208472009
0.928318182988016,-1.20804528423442
0.916041853579882,0.0342926889599432
-0.0724016996997875,0.00782321329709439
-0.617684303102496,0.282083005316495
0.401426231724638,-0.447170891576721
-1.07135702578976,0.56293887960469
0.553648451089909,-0.624664856139104
-0.28242502689682,0.37510857478912
-1.21612614878988,0.879074649189181
2.61503177344695,-2.13618735835019
2.45227349133608,-1.30533164589944
-0.597247825390588,1.67672529070155
-0.67080442292002,-0.0373011623679195
-0.414084625657075,1.02978407238548
0.301122095219043,-0.46450482620236
-0.845076568074562,1.65305486462366
0.467532325001006,-0.827972457109894
0.637456871936261,-1.06130265582782
-1.01371018127091,0.660084187130579
1.399322993615,-0.686028255910052
-0.539935904936085,0.000819761927463935
-1.25987259953547,0.99552880980737
-0.676939174798937,0.481663384540701
-1.21960173690802,1.16449881511099
-1.0737898240313,0.789160980836504
0.0467356755245747,-0.649638797437246
2.41480022725879,-2.85869521027858
0.607366485143852,-0.263084021012435
-1.33745667138556,0.698695560663531
-1.76712177578152,2.2499271801797
-0.708810026846995,0.976518690495382
-0.914473089654889,1.62819175862057
-1.3327513894625,0.777278856475957
0.944811321416802,-0.475039559698864
-0.0696245602843422,0.366672247124875
0.59194827357302,-1.75066003346796
-0.318653802020177,0.547460594976782
-0.462420049425248,-0.166199585714098
0.17714939781189,-0.612544257505037
-0.509674852377567,0.246135612840127
1.70116507331397,-1.465173836662
2.43204610565133,-2.4760240972529
-0.225858848936955,0.0123131517832359
-1.18381888159747,1.01892224273666
-0.130478025076368,0.646959335726567
1.73656580384306,1.62932215729879
-1.01316193618854,-0.492466699741275
2.13744059868744,1.57474756249657
0.441480572453802,0.665011270904957
-1.67727522058365,-2.22342571465531
-0.0820289824632377,-0.11910821914185
-0.723241478848398,0.220592018717241
-0.456706162027691,-0.0686003330367851
-1.11455622216693,-1.24812063846529
0.739297414686622,1.62132323168975
-0.0504145510612271,0.251215791634278
0.10023188317854,0.550306014897468
-1.83143445292659,-2.51640119190372
0.202204338772117,0.459230233495189
1.71329493835152,0.768892208228472
-1.42392372131714,-1.88270352923424
1.35751495985668,-0.0948775682972154
0.191605965690835,0.054203348679628
-0.83954888575299,-0.998788883177036
-1.01364155555159,-1.56504090615933
0.835800193943105,1.53822584636527
-0.458282090695494,-0.790013002944658
-0.443579761069947,-0.386030127421176
-0.519176640159238,-1.24942638249277
0.173824002082797,0.439338302569246
0.185910917851575,-0.143375625651883
-0.0910703756478499,0.270390969226027
-0.540376575922574,-0.39599190946851
-0.236453607267938,0.27645248576572
-1.65366615363918,-1.54108662452051
-0.336261843203889,-0.830659826058017
0.828652599960137,0.990080079949156
0.359053707196794,-0.361080067599099
-0.807712416746029,-0.0466624670036038
