Date,ACWI,SPY,TLT,VWO
2008-03-31,0.02697815974729778,0.040094826564781805,-0.003669792884099188,0.04343724952364658
2008-04-07,-0.022795245581643364,-0.025975445336279712,0.004924840809758635,-0.006370707111101215
2008-04-14,0.04451219893475056,0.03752364620296422,-0.030781475071170128,0.04277861799273186
2008-04-21,0.0022788226141523538,0.008055354034325113,-0.010293139982183064,0.01684498953695046
2008-04-28,0.013190260056527237,0.013589113096345251,-0.002289692807828203,0.011202396641733614
2008-05-05,-0.008270698201625848,-0.018616141327575164,0.009668201828763046,-0.019589422620493124
2008-05-12,0.0324975215881782,0.026709996701582917,-0.007160751822008926,0.04453267500113611
2008-05-19,-0.031365633653110514,-0.03582262602520814,-0.000762482445308521,-0.04208732729159381
2008-05-26,0.012552823732935536,0.01949776980083673,-0.016369471823029613,0.01377724492279997
2008-06-02,-0.025838286854295234,-0.02935442711791758,0.005302745020744126,-0.04332240364017803
2008-06-09,-0.020655105293221787,-0.0010277448873727835,-0.021044024792778337,-0.02269466700713263
2008-06-16,-0.021290018419102275,-0.034142128716665,0.010521641842734297,-0.035091302982960926
2008-06-23,-0.019312591833357207,-0.0312634241068368,0.02756449895542623,-0.00663177888313804
2008-06-30,-0.023844908914340657,-0.00961243800972067,-0.002711645469010371,-0.046346289452949385
2008-07-07,-0.011928564516703322,-0.0197488031870785,0.0009770826988617642,-0.004732382566559501
2008-07-14,0.009220489319605285,0.017132810570222645,-0.018729058582428237,0.01635523268600192
2008-07-21,-0.0041805442910169965,-0.003976780765126975,-0.003433167610230825,-0.017485286735793082
2008-07-28,-0.009259376701094446,0.005404561607067038,0.015412034735535762,0.006087279510256227
2008-08-04,0.00904984205902526,0.025125506504522832,0.005012531822153221,-0.03266995871606726
2008-08-11,-0.014349271611229675,0.0061647962249224975,0.011240941001516624,-0.0256394173980814
2008-08-18,-0.0023406886493138046,-0.004002809503921512,0.00042984005537149983,-0.0031022830270286406
2008-08-25,0.0025532513143495805,-0.006655346133574547,0.008131807214255105,-0.018818378366860955
2008-09-01,-0.05818390867610024,-0.03452019440408094,0.017325671308944912,-0.08008329268770753
2008-09-08,0.0074049034060066354,0.013332984271369419,-0.005671697790702979,-0.011410506965295664
2008-09-15,0.007794322578642543,-0.01574704693290041,-0.010269543453103047,0.039251505291051814
2008-09-22,-0.025613694086783934,-0.02669876718534958,0.005624239114374596,-0.07733066421999935
2008-09-29,-0.11926338957303928,-0.09098361986830383,0.03022639181490039,-0.14504336718616972
2008-10-06,-0.20598393824253147,-0.22056392264108293,-0.014999035666598104,-0.22957449686137554
2008-10-13,0.03224082818930274,0.05185245023698126,-0.02191631503967617,0.012024238928486586
2008-10-20,-0.1017063733498964,-0.06848720862476565,0.030012751290294126,-0.20488494153937253
2008-10-27,0.12908885392936842,0.10658908890733443,-0.041153743761960015,0.2092577850874262
2008-11-03,-0.026467627827012397,-0.03115256566437541,0.015287061022097426,-0.01357841332366716
2008-11-10,-0.07826640987922628,-0.08027354937417286,0.0096078026856663,-0.10148123592120672
2008-11-17,-0.08635240615327966,-0.08552224736152692,0.07828722277807376,-0.06765861791549188
2008-11-24,0.09945015786834555,0.12480060988053499,0.02684213166016125,0.09227530592443323
2008-12-01,-0.03172768035158402,-0.024268083152315434,0.04404043820336945,-0.019733188305168792
2008-12-08,0.05041981106567084,0.011982933001905671,0.016962482876092366,0.08446161876973335
2008-12-15,0.009532996943742766,-0.009030374279912934,0.08435291971130976,0.018948408682069928
2008-12-22,-0.014012984905366732,-0.011748053491212218,-0.007883100964662049,-0.08628559598662777
2008-12-29,0.06066237513474615,0.06442373116262701,-0.04166396447502407,0.0778636096395604
2009-01-05,-0.04538519891863935,-0.042522229628162656,-0.031607267798772654,-0.05165370457373486
2009-01-12,-0.05452357222780346,-0.04629019250350197,0.013830988665339383,-0.06391667727952832
2009-01-19,-0.045028060329528774,-0.02319182221448557,-0.059569845488832485,-0.04295281711066723
2009-01-26,0.0024394399819449575,-0.003374702192485479,-0.03727259290066787,0.013127182425570094
2009-02-02,0.05912885874205287,0.048887909047457434,-0.014172233691581049,0.09755184684006357
2009-02-09,-0.05046479470326393,-0.04973336707411047,0.0011724744274133059,-0.03876452656967233
2009-02-16,-0.07634008593437569,-0.0666997571911212,0.014636954895855148,-0.1020964855680555
2009-02-23,-0.034479635685825905,-0.046126417801665376,-0.019825731590231044,0.01926840116170192
2009-03-02,-0.06530988052666942,-0.07017231860500939,0.023092176677149467,-0.041895981729477505
2009-03-09,0.08930642933617738,0.09897041696787401,-0.014783579923994594,0.09621428209645133
2009-03-16,0.03403954556515654,0.008115263976515408,0.01151713483707617,0.028070503174375094
2009-03-23,0.05001928806759093,0.061919744923743636,0.0061396912241376,0.06547169963536748
2009-03-30,0.051258707420424265,0.03195547094367868,-0.015809076344138084,0.0714590099945287
2009-04-06,0.01078970491336051,0.01822823946401453,-0.005553672423637579,0.025346545687790822
2009-04-13,0.018366867126276887,0.014691736025890023,-0.006371024151794913,0.008925301646354189
2009-04-20,0.009532996943742766,-0.004834798823496023,-0.011173273625134428,0.00480145563922818
2009-04-27,0.016000348048769375,0.01409356706193865,-0.035009636530508814,0.03724895267890238
2009-05-04,0.07493018288665398,0.0562984267342026,-0.022599224052993527,0.08176154132326996
2009-05-11,-0.0488190860065556,-0.04701184015421944,0.03213042915978992,-0.04585039051759221
2009-05-18,0.030753246415533564,0.003488413665784229,-0.047093340603217015,0.06400322209222598
2009-05-25,0.03722839265928757,0.03867187719060006,0.006819412682832926,0.04675360695415964
2009-06-01,0.0070571924619891035,0.021595924312694414,-0.04707137041021525,0.008547139701938544
2009-06-08,0.018671351369503153,0.005589834368914026,0.0014460253293018255,0.002125389957678081
2009-06-15,-0.04114423404784473,-0.03249538663581131,0.01893705369163623,-0.05550054636587021
2009-06-22,-0.006928372633830726,-0.0021753824178532,0.03113837482091597,0.025325799064202403
2009-06-29,-0.018123820078471464,-0.02235159219763805,-0.0030705015078336118,-0.013532867750937871
2009-07-06,-0.02357968940437072,-0.020814145220623637,0.020259972251152725,-0.029257829119469836
2009-07-13,0.06800571699392322,0.06779462110241496,-0.05324782024991315,0.07810834364482311
2009-07-20,0.04873643076706191,0.04090273494549734,0.0022989674632185597,0.05059906401947645
2009-07-27,0.014143066660686099,0.007619278172760424,0.036082521713258764,0.01225960602962095
2009-08-03,0.01915816408062243,0.02389993719887329,-0.0466355394236766,0.019363552169514797
2009-08-10,-0.00260287207389176,-0.004059573247355175,0.031116529886270783,-0.012304367312679254
2009-08-17,0.01986906995225679,0.02139854207329872,0.004489085989931141,0.010913761132065769
2009-08-24,0.004334027994802092,0.0039737976764664396,0.028801712421975267,-0.0067021105952931315
2009-08-31,-0.009970764097493756,-0.012850641485524505,-0.01356168337212793,0.015293028466331737
2009-09-07,0.03558744401590097,0.026206587609350684,0.015528402218495607,0.0341774054862789
2009-09-14,0.02255545849361207,0.018441154281794603,-0.00976828734233326,0.03098174549848487
2009-09-21,-0.024541108916117604,-0.02150013482051527,0.022918326913956122,-0.019580314728279813
2009-09-28,-0.02210592603910788,-0.01894324678500592,0.01045746623848487,-0.007409368972676411
2009-10-05,0.05003521318882331,0.04549060147098949,-0.03191487890979072,0.05628744839140509
2009-10-12,0.01534432895912241,0.015082379281603053,-0.004703479601101179,0.01865493635446569
2009-10-19,-0.007163336339603088,-0.007466482159153465,-0.00525211308182616,-0.0024673658489455796
2009-10-26,-0.05112929706924563,-0.04272057928506712,0.00870347705198693,-0.07380400385685704
2009-11-02,0.0402871050374487,0.03389189332808762,-0.025912262972799915,0.05182506991417668
2009-11-09,0.02440897641382822,0.022976840036828428,0.006301717387089845,0.02936265548430228
2009-11-16,-0.009978656509318284,-0.0017347864543246772,0.012695944673553505,-0.005655973465802155
2009-11-23,-0.0031089602096554536,0.0012785334129610249,0.013366936187677148,-0.015407833028739493
2009-11-30,0.023201787646134786,0.01305669495605244,-0.03225751615753403,0.03735997126966373
2009-12-07,-0.012007167609913605,0.0009004005009947136,-0.01348238132094437,-0.009209979449721128
2009-12-14,-0.00856333973444956,-0.008133078692802442,0.0075725652651073005,-0.0221575177492932
2009-12-21,0.014938062030714239,0.020387829510736033,-0.033756649865965827,0.011632385463184569
2009-12-28,-0.0047181204961632695,-0.009289106527710977,0.002004458429542666,0.008819278452574686
2010-01-04,0.029818159991899407,0.027699635862513006,-0.0066971840127854065,0.04039260189664651
2010-01-11,-0.0057544180369824005,-0.008150435626806285,0.019848751516805763,-0.023463521500288742
2010-01-18,-0.05284962847928165,-0.03976292578861074,0.010050315749695393,-0.05978569469136463
2010-01-25,-0.025636132144128965,-0.016805563639834098,0.003363874505112996,-0.02683332033314123
2010-02-01,-0.014081136662545735,-0.006820822679744154,-0.0035812529460335085,-0.018208774183977816
2010-02-08,0.017321849179856574,0.012855297891504414,-0.019652615360914005,0.021341908034201218
2010-02-15,0.02458334202841561,0.02828912496165792,-0.008238807409390425,0.024463708442287402
2010-02-22,-0.00633381267417743,-0.003605570255722945,0.024515376161453162,-0.008943519093498331
2010-03-01,0.04047008549971709,0.031203937669998183,-0.015390009876904642,0.05249898976157219
2010-03-08,0.010273231315609088,0.01053511192908374,0.0023237267868880807,0.0070379395314095206
2010-03-15,0.0,0.004407405791238439,0.008583729998183465,-0.0014520224970544504
2010-03-22,0.0030152190026186965,0.0052462008291893625,-0.025638219104280324,-0.0012116622223703466
2010-03-29,0.021762415331103124,0.010410548799923092,0.0,0.045505437005803895
2010-04-05,0.012386133545963851,0.014746422307625906,0.00033728330157245523,0.011976201568741462
2010-04-12,-0.007638773401774657,-0.001590577862389253,0.009841247329536174,-0.026210501334313463
2010-04-19,0.01321852224483866,0.020318292100141022,0.002778242586087387,0.012379057702816443
2010-04-26,-0.03441590407785622,-0.024936875747759046,0.02216944028846246,-0.02396169186646313
2010-05-03,-0.08807998469612155,-0.06565573407387504,0.03676301899849754,-0.0907793645401096
2010-05-10,0.02974198782973758,0.023363241079635166,-0.007350706005851748,0.03227734998386911
2010-05-17,-0.04163637652077723,-0.04287651166620954,0.036732732440095006,-0.05865714408781875
2010-05-24,0.0015263644303078472,0.0023801011989714738,-0.01980263039661434,0.02089749130351093
2010-05-31,-0.023403404321774346,-0.023591482405181274,0.013279323341421012,-0.02089749130351093
2010-06-07,0.0340229270555783,0.026421865981769876,-0.0038934193086985758,0.038284673103708755
2010-06-14,0.025330395639028058,0.01851823856781909,0.002870312278551168,0.03015564713356156
2010-06-21,-0.030878894315510497,-0.03515845275499618,0.013825579298621271,-0.0002497100538318975
2010-06-28,-0.048183383089623444,-0.053995175940341866,0.017414349495465054,-0.04467877819818389
2010-07-05,0.05699619280914181,0.05482913176059867,-0.01569953427440307,0.05535813740430928
2010-07-12,-0.012867550282178009,-0.012114540162681209,0.015798766736745407,-0.027803935845354566
2010-07-19,0.035423962376348594,0.034554503112444124,-0.010170635713697251,0.05629732742313465
2010-07-26,0.0075693530459579605,-0.001268869291588537,0.006990985929915539,0.005268149272176892
2010-08-02,0.023321196186532944,0.019043086771786122,-0.003789065051231333,0.01822321102275204
2010-08-09,-0.04371757439818946,-0.036977496792785836,0.0216422543415975,-0.03168813089130618
2010-08-16,-0.006225895035146145,-0.007227596256507596,0.036004464635389866,0.008916770114765438
2010-08-23,-0.0032527803713784387,-0.006250294808906709,-0.006528264288319541,-0.011340481632406973
2010-08-30,0.03666292887589151,0.03701914121968919,-0.01694384709286645,0.034346386579869215
2010-09-06,0.0038582119252090763,0.005306519265168674,-0.012239124385406086,0.006543579630703178
2010-09-13,0.016233355166580754,0.009019077088154859,-0.006372898010738481,0.016861458281732578
2010-09-20,0.025483556982026645,0.020501372267297313,0.017839356428137165,0.027337048556343113
2010-09-27,0.006442700269661206,-0.0018306162475552057,0.010667542484789294,0.02856080067669753
2010-10-04,0.021105976562795004,0.016699503736761656,-0.003735093996390937,0.01653996430664506
2010-10-11,0.010499397849759173,0.009904418767122003,-0.038637547136930905,0.010173880857134776
2010-10-18,-0.002002006068310358,0.005507334729101032,0.011009291895360818,-0.013588306962224905
2010-10-25,-0.0017828846902565587,0.001182227732807739,-0.009514433579656867,0.0019220540842446177
2010-11-01,0.03678970813595317,0.035076796766139395,-0.024597961900750143,0.04932854625799221
2010-11-08,-0.02459580425887431,-0.020748350853898145,-0.02239637229081115,-0.041888777894950824
2010-11-15,0.003519577850568112,0.0007485049048758796,0.008108140096210192,-0.00021184234322868534
2010-11-22,-0.024226101615493878,-0.012464069000241551,0.004957186303017558,-0.034698032107455035
2010-11-29,0.03405903892426876,0.03384820871311511,-0.022714045026795304,0.04732716830385675
2010-12-06,0.003256221469180698,0.012855446067878695,-0.018507206124989573,-0.009034630087711992
2010-12-13,0.006050121883551807,-0.001447064329518355,0.0009656778279847344,-0.003594506108689721
2010-12-20,-0.0010776860321559667,0.010404218817163802,-0.003330266403281712,-0.004883745678570417
2010-12-27,0.009444209280784044,0.001193567094468051,0.012724068187686122,0.02459920044727859
2011-01-03,-0.003638355693738493,0.010993027727788096,-0.018984902918398383,-0.008342103007507262
2011-01-10,0.023939308028734008,0.016846472672323642,-0.005537797426096169,0.014759629569206734
2011-01-17,-0.00904222967545909,-0.007218628320147857,-0.0034904017446653057,-0.027192624062311932
2011-01-24,-0.010831545013585853,-0.0050763036555805385,0.004361122668703921,-0.024687344746735285
2011-01-31,0.029042387131641867,0.026501282370215762,-0.03441938484021545,0.02256468479402196
2011-02-07,0.004759440907412316,0.014834198869797532,0.007292358990578229,-0.024304907498851502
2011-02-14,0.016380445069177796,0.010611354779370252,0.00033527555283008326,0.02089920300489556
2011-02-21,-0.017206490154708654,-0.016488396801623395,0.03070055675369776,-0.01915898030006602
2011-02-28,0.0063844837739721605,0.0010573972891183558,-0.016058035260337,0.029552495413265767
2011-03-07,-0.02200166690012839,-0.012381039230146662,0.00811591963788505,-0.02175854773141328
2011-03-14,-0.022496733019026216,-0.023821654053555186,0.02064822302150482,-0.013679450078297073
2011-03-21,0.025011907880704065,0.027331283923975214,-0.013898849336840158,0.04384320645691231
2011-03-28,0.019897010477006205,0.01399146186916056,0.0002170131533221209,0.04019403185723558
2011-04-04,0.006545322995513914,-0.002180319589504265,-0.025376274534029797,0.012385274947572356
2011-04-11,-0.009834120382612888,-0.006191090693270951,0.030569359080922176,-0.016413493173542903
2011-04-18,0.018360399840803066,0.013091794427786851,-0.0007556506657682149,0.02314086637411883
2011-04-25,0.024362175477065318,0.01961495832441429,0.013834752595787592,-0.002171565615040283
2011-05-02,-0.028819257774208573,-0.016480407092759997,0.012489581391180948,-0.03745146350349815
2011-05-09,-0.012463142508532421,-0.0011929890166362256,0.0001052025891077335,-0.027456040610505994
2011-05-16,0.000411109110014074,-0.0032130996116137567,0.002520987278913367,0.006096958314887324
2011-05-23,0.0034875813525490074,-0.0007487729111721464,0.01199244280722045,0.012290544524085956
2011-05-30,-0.00760621907618253,-0.023416342332408746,-0.0014522760584911865,0.004544548647706037
2011-06-06,-0.026132981330407645,-0.02185963897298837,0.008373414856705175,-0.027158536001618216
2011-06-13,-0.009577614457026318,-0.00431962516608575,-0.0024736959907185607,-0.013861007067536235
2011-06-20,-0.013781428467134038,-0.0018908497919714051,0.0008252716482406441,0.0015019785145660158
2011-06-27,0.05853075544351549,0.054552709074081385,-0.035153990675531155,0.05302851403753195
2011-07-04,-0.005742480765555502,0.0035777896075703808,0.01841327677367044,-0.003666744882702133
2011-07-11,-0.0216224035608219,-0.020369688414816345,0.00835334729457582,-0.026260176683511993
2011-07-18,0.024497726831527178,0.021708137104699432,-0.0012485186974595663,0.01970815296122952
2011-07-25,-0.03357622874835231,-0.039791539780711815,0.019281879077358788,-0.007422727077508462
2011-08-01,-0.0833355114206662,-0.07420908901132695,0.04395435422350502,-0.10164223006809081
2011-08-08,-0.01556546660355096,-0.016457122445635797,0.03126908282283569,-0.029762777813510777
2011-08-15,-0.05165067027628689,-0.04750419313706544,0.05195611726175642,-0.03923008743109557
2011-08-22,0.03655249720724285,0.04623347821019497,-0.024672371228832368,0.020889678589297134
2011-08-29,0.0066334947194346405,-0.0010177487668192597,0.036384142426223676,0.02820432123711436
2011-09-05,-0.034838284711556256,-0.016512334217924973,0.010609214015199875,-0.03908048762057481
2011-09-12,0.0383739755740633,0.04717854844640179,-0.013011922823704225,0.009192064045401516
2011-09-19,-0.08057228297546404,-0.06792362485692216,0.07374519743168673,-0.12118993424747115
2011-09-26,-0.0022979750918503683,-0.003440820241060294,-0.0002483034295801545,-0.026440511581089954
2011-10-03,0.023994099168930028,0.022372667410989422,-0.021419871630620868,0.03240251862553789
2011-10-10,0.06917584343702154,0.057595239887277216,-0.03695671022284852,0.08317631364880151
2011-10-17,0.00232617665606627,0.01135731783355265,-0.007222153249871077,-0.015535334967016201
2011-10-24,0.04852458066944765,0.0366672485679409,-0.0148718017328342,0.08770560836237395
2011-10-31,-0.03904364852410058,-0.024560449189543476,0.04405383934076834,-0.029341384602353138
2011-11-07,0.002987502261991626,0.00935994992597955,-0.007151211396817736,-0.009093172900723978
2011-11-14,-0.043857485273388175,-0.0376492356125242,0.03140812953619587,-0.05331963567275322
2011-11-21,-0.055706819627738824,-0.04734021738370231,0.012159779356028189,-0.06359239386832893
2011-11-28,0.0836046176668761,0.07067620751691717,-0.018042618078501604,0.09356468720537992
2011-12-05,0.00511631861888473,0.009485563322735757,-0.01640147510530987,-0.010885773648164676
2011-12-12,-0.0416826183488932,-0.03602397865480267,0.04694834154611094,-0.045809515273458334
2011-12-19,0.02413215057372886,0.038717660640103624,-0.03367044124652896,0.008556982377194267
2011-12-26,-0.004495510804204628,-0.007066601258083338,0.02488441193821167,-0.01351724420890843
2012-01-02,0.007088948730216593,0.017456302767532073,-0.021002493866215666,0.00937752680948245
2012-01-09,0.008207302966697139,0.008809234699927337,0.017946259291548472,0.02685925000353473
2012-01-16,0.03397938379438825,0.02385174378189614,-0.032795286531400514,0.051167132789252445
2012-01-23,0.010106784891884324,-0.000985628634349922,0.009359367647537198,0.02205710873193567
2012-01-30,0.025373705589183615,0.020424091508226994,-0.012870428045282267,0.0363927312969472
2012-02-06,-0.01007240611922633,-0.0013387334083212465,0.0035964944857891368,-0.021260380796108702
2012-02-13,0.01874920042319239,0.015142314064618745,-0.003510694475743037,0.022842473939174823
2012-02-20,0.009030420034020548,0.003804709503991255,0.007860585260387687,0.005180765045266877
2012-02-27,0.00042800037339096875,0.002771332698048745,-0.002983155605407184,0.010281782609566914
2012-03-05,-0.002999856634008591,0.00189180615943485,-0.010123630484169865,-0.018176229413950473
2012-03-12,0.01870805171286083,0.019650077147230327,-0.03993495369695221,0.006545580610407775
2012-03-19,-0.011864575340040151,-0.004643760174694478,0.015847899205351013,-0.025981392188966
2012-03-26,0.005949923995243189,0.008272197905538903,-0.008961527113707568,0.003687486147267993
2012-04-02,-0.018172649664413676,-0.007270198136119177,0.006308107736982649,-0.006925305929802672
2012-04-09,-0.014779671987322107,-0.019138951049153974,0.03421437255028703,-0.013995994481143192
2012-04-16,0.011971044153201493,0.005888981135447224,0.001966597708203288,0.004219422711507104
2012-04-23,0.013111431038538957,0.017532981095223832,0.0018774644542860486,-0.001638761798893551
2012-04-30,-0.028811736338580918,-0.024443333808191525,0.007220848373661326,-0.023229286483209766
2012-05-07,-0.01908202155659966,-0.01019780222748512,0.01144601465881756,-0.034646109555744875
2012-05-14,-0.05455267899208982,-0.0442506334759436,0.03857677355649347,-0.06592975055276051
2012-05-21,0.0051911682211351895,0.018026767607334016,-0.006462021091464543,-0.003719435529141002
2012-05-28,-0.02913293877293688,-0.030279745837470173,0.05486873481481247,-0.013128061384171552
2012-06-04,0.038969040591021464,0.03782125936312131,-0.04030753828248557,0.0315885213201863
2012-06-11,0.01503443414374761,0.007783254863801048,0.009459173415661937,0.025030366072510635
2012-06-18,-0.0171340535565907,-0.0050821683398103445,-0.010977796132089601,-0.015667473143465394
2012-06-25,0.024225414796248845,0.019588096721563808,0.001438736638442073,0.03309872438981998
2012-07-02,-0.004798343203955557,-0.004492077101948766,0.01474696233285755,-0.007793914406486024
2012-07-09,-0.0013752322691198415,0.001917081412757149,0.01646995544458907,-0.007346381311513106
2012-07-16,0.002291004202347402,0.0052898603808237965,0.006866511601239189,0.0012704673343706396
2012-07-23,0.019264017231240604,0.01606424880814572,-0.012222646725069453,0.02532411412959812
2012-07-30,0.006042324772507879,0.004819729724839128,-0.008284514626439865,0.009118952711390182
2012-08-06,0.017691731879069472,0.01063567055708603,-0.013590611000015684,0.020398963412176396
2012-08-13,0.008077824605243755,0.009469340702690232,-0.033161134334376285,-0.006027746019281466
2012-08-20,-0.004139943586102035,-0.004723461841554588,0.026055604385659237,-0.009720555638075723
2012-08-27,-0.007451276176860588,-0.002476322396037567,0.023047816034852175,-0.020726133931174395
2012-09-03,0.027981457449484104,0.022208332316019153,-0.02931691541899273,0.03430862663080303
2012-09-10,0.02805207257575537,0.019961588752315684,-0.04729966520412887,0.04036905769297361
2012-09-17,-0.011084555364046178,-0.009348165193976854,0.027101929088037657,-0.013276069608231023
2012-09-24,-0.018251793376518055,-0.013110827607260234,0.021728471088954038,-0.022046650322455452
2012-10-01,0.017410200300236767,0.014960109169451563,-0.025024737100610928,0.013096966016221234
2012-10-08,-0.018696046143713563,-0.022489962977186195,0.023010150839327004,-0.015977494820779814
2012-10-15,0.00832891912102296,0.0034930872609635344,-0.018152005178522224,0.005035447627031786
2012-10-22,-0.01069071535682209,-0.014329059150605339,0.007365624068488508,-0.006238075274970445
2012-10-29,0.003433476465357188,0.0014845109110623866,-0.003103287513356534,0.0069553204641086275
2012-11-05,-0.020561286296143955,-0.024311177886105817,0.02997324876691465,-0.012748188751383616
2012-11-12,-0.01210000986530213,-0.013040716280594111,0.0030909426646932303,-0.015368055969999794
2012-11-19,0.038215643372048635,0.03586738325563754,-0.01724045931973528,0.02907183282429804
2012-11-26,0.005311815470410597,0.005643667840101507,0.004658657671006594,0.0033372948042815764
2012-12-03,0.008020327391909277,0.001827451786730272,-0.002889020616176907,0.023984230814273033
2012-12-10,0.003986129911678127,-0.0021791688912795593,-0.006692778561838253,0.0159044178317993
2012-12-17,0.0031358137695756128,0.004843894367723145,-0.010982404323310213,-0.007114232677495558
2012-12-24,-0.011546244246903647,-0.019518295772788186,0.008633361728525912,0.010538537469383602
2012-12-31,0.034858306833706276,0.0442809524862291,-0.04063275474611139,0.031406747187173956
2013-01-07,0.0046790755498453684,0.004771084576648654,0.012172212811424998,-0.009764805329035564
2013-01-14,0.006473817731238896,0.008530819966863668,0.0015840800501978336,0.0064466358995303175
2013-01-21,0.00923328693965253,0.012861039735329705,-0.016886209100353433,-0.012710611068484035
2013-01-28,0.0057775022206318916,0.006567441928256201,-0.021322020821646248,0.006709916259812321
2013-02-04,-0.00557767930178743,0.0036958697217626124,0.013582275386990084,-0.012787604091454963
2013-02-11,0.0007986641976254205,0.0020400622708827143,-0.0053078006582536474,0.002705727261816282
2013-02-18,-0.002798310701983997,-0.0014473767046698782,0.004539028750233598,-0.016345454337392873
2013-02-25,-0.0014020972931700904,0.0014473767046698782,0.015852514774042703,-0.002750378405640852
2013-03-04,0.020042383895451543,0.02165587343938835,-0.035526967589377456,0.019320944119791683
2013-03-11,0.0021587054957215024,0.0025058604322509836,0.008763251836533925,-0.027617848488894925
2013-03-18,-0.008070112892462955,-0.001477030237888144,0.013471392264366777,-0.020575830966485853
2013-03-25,0.0029600717841868907,0.006853019748091604,0.0036581800795545405,0.013375763712745847
2013-04-01,-0.008906555983985598,-0.009684804544145997,0.04207119329540365,-0.022155099793197408
2013-04-08,0.022605415170902532,0.02318870185673827,-0.007272754341463461,0.009015507601544126
2013-04-15,-0.020817746528860592,-0.0211284895257986,0.007354188383179583,-0.0028381979775042865
2013-04-22,0.02217736010130933,0.01759582408367777,0.004548765505688834,0.012942861608646439
2013-04-29,0.021696176880277473,0.019586932106237853,-0.020138197643160716,0.028352700976528755
2013-05-06,0.008887217499047306,0.012562567779480283,-0.018191425406007156,0.006117623166056685
2013-05-13,0.011976179932825737,0.021372078572793107,-0.01433383990770043,-0.005663170587009159
2013-05-20,-0.015748360347087154,-0.009811996750777041,-0.0022235064848601382,-0.027171837355951745
2013-05-27,-0.017729879966285722,-0.011315369796942143,-0.020325076788164864,-0.030815408653734
2013-06-03,0.0021134947917778035,0.008225521493994137,-0.01133524093843441,-0.010405424731045443
2013-06-10,-0.012165782090366228,-0.009878794876957642,0.005815471698173091,-0.032635768308759694
2013-06-17,-0.02757711713458111,-0.0255094381620955,-0.048790147411843954,-0.04998470787820253
2013-06-24,-0.0013990148187246199,0.008450961570383164,0.018644306086211593,0.024531565484409157
2013-07-01,0.008364880015588216,0.01607755434986302,-0.038583468041528235,-0.02797201492654322
2013-07-08,0.0316247857933325,0.027170099308031048,0.013646338148981307,0.03848627613167688
2013-07-15,0.010132937789158358,0.009861097480902359,0.013645756088719985,0.008888908664000272
2013-07-22,0.0017105421443330826,-0.0003547212926529042,-0.009754357054532647,0.0128126895953673
2013-07-29,0.00982624038285973,0.010821703862760934,-0.015093948878625696,-0.006511471397466551
2013-08-05,-0.0037679163498052226,-0.009639758513153573,0.006923084040008298,-0.005542906684520954
2013-08-12,-0.010435522798538432,-0.020768161452634715,-0.036941002320363125,-0.007608534027236935
2013-08-19,-0.001527044236167896,0.004752562973917129,0.008860677760998747,-0.01565139414087735
2013-08-26,-0.024363121839551027,-0.017985777590647345,0.016169240972354615,-0.02487356814094266
2013-09-02,0.023789914986717342,0.014498719098562596,-0.028130392933336523,0.048133496309056945
2013-09-09,0.023423845147134248,0.01962080174117986,0.00484028036212969,0.032316985586974045
2013-09-16,0.02051253295083999,0.008175310212989118,0.013143520233822592,0.021776754887503635
2013-09-23,-0.006790866524607697,-0.010658744330680925,0.015510046334223482,-0.030622036233305394
2013-09-30,-0.0009212204688702208,-0.00011843855715554241,-0.008008696761157452,0.023897736558942118
2013-10-07,0.009356977348349282,0.008079036376594573,-0.0023677616987782812,0.015541293412371537
2013-10-14,0.02292727002167627,0.023967518688921885,0.014870879512002944,0.008269355281347313
2013-10-21,0.005340045621879952,0.008905679541687306,0.01161021716164079,-0.00898141402345809
2013-10-28,-0.0051615476066348975,0.001476657259015468,-0.019582856688013628,-0.006430901432096459
2013-11-04,-0.0017860745813829126,0.006110268358732185,-0.026528260796301772,-0.031062890778664087
2013-11-11,0.01578472430443334,0.01544783500350455,0.01268393722789618,0.02531166796708373
2013-11-18,0.001055180505039388,0.004212135616070256,-0.007860466730629234,-0.006268153095082329
2013-11-25,0.0005271730188063373,0.0010502886053700422,0.005183283677527406,0.003138987757404177
2013-12-02,-0.006521551982020313,-0.0003315331753253048,-0.014756489162675912,-0.003622699498635029
2013-12-09,-0.01928283299702649,-0.015764157712983007,0.0028137690848177854,-0.02424513651831184
2013-12-16,0.01502980758088679,0.0191848237639185,0.010026121971598023,-0.009714844998969685
2013-12-23,0.01690477074426955,0.012534076804188388,-0.02368355353983098,0.017861983587245778
2013-12-30,-0.008768909152731652,-0.005235365066400988,0.0035297675426049224,-0.025399688332325976
2014-01-06,0.007371008668328294,0.00681145866586963,0.021687416694650352,0.005533148038753488
2014-01-13,-0.001049642481847357,-0.00271901848770284,0.010195901934059393,-0.010843639688632667
2014-01-20,-0.028946370680206,-0.02620622766614833,0.018783421669995803,-0.03824754529116792
2014-01-27,-0.009959326018509351,-0.003976854204474023,0.007415638492131116,-0.007668976527335669
2014-02-03,0.015170963533798876,0.008383216040793506,-0.013856155715911811,0.01606356159977773
2014-02-10,0.0221581338889818,0.023867020344026102,-0.0019684037078766536,0.021194893270326975
2014-02-17,0.0029759001208526925,-0.0007067211379379046,0.0008440454230571603,-0.0007675267103044447
2014-02-24,0.010433102572122266,0.012966813828097834,0.017655183961104548,-0.004617768782629206
2014-03-03,0.005003842745254339,0.010519393678722011,-0.024994309754546862,0.001541659431069764
2014-03-10,-0.027748053655257898,-0.019307640764354872,0.024533643178604514,-0.024429553061821263
2014-03-17,0.008282737096370063,0.008305032277174718,-0.0026758335332335292,0.016697575670234333
2014-03-24,0.01290343401837113,-0.0038203466003619013,0.010478031136170962,0.041308223032088254
2014-03-31,0.007422150150694584,0.004893867654380379,-0.008355221488127285,0.013072145523638667
2014-04-07,-0.019273113048407176,-0.02658415116512103,0.020713403054641866,0.012419453797210878
2014-04-14,0.021849288113346965,0.026530531126931045,-0.006160000323285786,0.00579156240883183
2014-04-21,-0.003608545638815741,-0.0005366862073703516,0.011563944484588973,-0.026824390162965006
2014-04-28,0.011637993782438905,0.009456484605123272,0.012319359943421482,0.01909489073709203
2014-05-05,-0.00034037538936182443,-0.0005318379125975881,-0.013128129969162572,0.002421858095940088
2014-05-12,0.0049240427748484805,0.0004786911905103608,0.02046519564409266,0.03025842389129041
2014-05-19,0.007593063614964812,0.012156613748421918,-0.0074258118389254335,0.006782879666283659
2014-05-26,0.008702927617554757,0.012166228856467676,0.01234584952772444,-0.01621472339765706
2014-06-02,0.01373628286747497,0.013915661466485929,-0.022243836114789417,0.026880233103177886
2014-06-09,-0.005273573415114363,-0.006418342326592885,0.005005867191845148,0.005749124642589809
2014-06-16,0.011173305500614461,0.009280439486898828,-0.003125686554334095,0.0
2014-06-23,-0.016142658660297293,-0.0006125950477278153,0.012797853361490752,-0.00944598293965404
2014-06-30,0.015161763155522756,0.012080699169784381,-0.022866283703065093,0.01857632977399426
2014-07-07,-0.014995747024467043,-0.008054532274745618,0.025864292894558716,-0.0006818679665299143
2014-07-14,0.006289346577970534,0.005579270321169005,0.008242000346272427,0.005668306812451451
2014-07-21,0.0008245937116333479,5.055006771126358e-05,0.009991842560485686,0.015034547201532078
2014-07-28,-0.025376995641095412,-0.026755740884817136,-0.009642611576144766,-0.02070285401398353
2014-08-04,-0.002539537635482425,0.003836814385007159,0.008344964184010095,-0.0045579105061142045
2014-08-11,0.013804927548962453,0.012752104545063148,0.018780318561380405,0.018108304819128396
2014-08-18,0.010643695664443342,0.01757408268594407,-0.0035744563074810998,0.009154911129454213
2014-08-25,0.007744908288450425,0.0076019582781334805,0.014894090228037449,0.009071858496336738
2014-09-01,0.003768389115977655,0.001990911459438749,-0.02828367770054019,0.023725133149347766
2014-09-08,-0.017320070934068177,-0.009894122790115034,-0.020514936194999223,-0.04915597510629732
2014-09-15,0.005806773529640097,0.007853338305412016,0.010702806294229816,-0.0065736857451197395
2014-09-22,-0.01769073793104159,-0.0140494188296163,0.012142400140549903,-0.0332979303915244
2014-09-29,-0.019725173763034398,-0.006997592726068369,0.014548797231592303,-0.02451625332672336
2014-10-06,-0.03193149242912252,-0.030902117998404144,0.019769359750028137,-0.013830129276299452
2014-10-13,-0.0015970219040273292,-0.010923261537188367,0.008460540111008719,0.005360666243622081
2014-10-20,0.030949238388387812,0.041367246954077785,-0.01121319501817819,0.007746339490126708
2014-10-27,0.02600195342795164,0.02627703266536585,-0.003933563412364727,0.027822461849426272
2014-11-03,-0.0035291034141193833,0.008296307712342355,0.004184106522574282,-0.019657187329060744
2014-11-10,0.005205243169206675,0.004416362991629619,-0.0021735683072643397,0.007624523129299732
2014-11-17,0.012151619456977514,0.011875868152640301,0.005092048397107085,0.022994901573280213
2014-11-24,-0.0001654392594421239,0.0025128276752655054,0.019704660178686773,-0.022045978579368963
2014-12-01,-0.0006621572105593998,0.0038535840445508285,-0.011495336036151826,-0.015774702707971322
2014-12-08,-0.04400775204097762,-0.03478058816549723,0.04212601299581209,-0.06648367427795554
2014-12-15,0.018515838724543876,0.027639789163507622,-0.003410403395017525,0.02114454101732255
2014-12-22,0.011484678093018452,0.009253961054438875,-0.011667057761986399,0.009283788943263982
2014-12-29,-0.020185548876589188,-0.014545934102459412,0.023121007654761883,-0.012060435843696204
2015-01-05,-0.00791332318032989,-0.0057605739111954435,0.029027987494687046,0.013557754792037802
2015-01-12,-0.00034549071540102005,-0.012910374873431607,0.016045111031530723,0.007205918203189388
2015-01-19,0.015089402523647877,0.01642927405487704,0.011792954939746636,0.030959217706261644
2015-01-26,-0.017684361597438247,-0.02730006987100886,0.02571095274272306,-0.04216313856631304
2015-02-02,0.02480669098534971,0.03012576514012899,-0.0543886218962335,0.01934110861642413
2015-02-09,0.021067462554177574,0.020370028523811534,-0.02137842696016712,0.025698324690774044
2015-02-16,0.009386642969441361,0.0069355971286171325,-0.012955086415439077,-0.00023933744278226143
2015-02-23,-0.0016403953091650436,-0.0027494770507301425,0.023354034164248638,0.0007179318103371912
2015-03-02,-0.018558924138060817,-0.015114137121623017,-0.047671349050037115,-0.040522993115948314
2015-03-09,-0.01126917963215135,-0.00808074540388759,0.025738781631157615,-0.023696561903464364
2015-03-16,0.03326986880951388,0.02200743138899064,0.03710291488474837,0.038042635961083704
2015-03-23,-0.01649658026417189,-0.02244476325342948,-0.003427637600744049,-0.015841899758636036
2015-03-30,0.007292084687342992,0.0033965627043262003,-0.0025211200909902587,0.048219700463708826
2015-04-06,0.021239145317854202,0.017288131698196985,-0.008527039562843619,0.040536597038376865
2015-04-13,-0.007138291922934137,-0.010000305291470113,0.014019472630418583,-0.0064131868975376705
2015-04-20,0.01982822049703703,0.017636286615674734,-0.018271578366586994,0.02608148130717014
2015-04-27,-0.005602292150498123,-0.004403694341173825,-0.04007338398815463,-0.011482695859825753
2015-05-04,0.002725047498920219,0.004261946614541934,-0.012088888861764957,-0.004994362810812447
2015-05-11,0.007018670110334746,0.0038674166438905644,-0.007537977553453423,0.009738505615217274
2015-05-18,-0.002705901641173014,0.002585634994808572,-0.009835153641684968,-0.009283432608855335
2015-05-25,-0.016067183255206174,-0.008723824370416189,0.019004294979420244,-0.037547839398457405
2015-06-01,-0.011238858200311341,-0.006509704892748935,-0.04253481803818815,-0.021727005855221915
2015-06-08,0.004249796113979798,0.0011434096966009832,0.0029717574910002043,0.0028922394841286447
2015-06-15,0.0017925010269168595,0.0038021198164841508,0.009534771543886045,-0.0019271992453950837
2015-06-22,-0.00850228542931486,-0.004707187080650321,-0.03286539136586697,-0.00531919091341182
2015-06-29,-0.01739179326240503,-0.01203480944206703,0.006660030947979401,-0.004373192242848045
2015-07-06,-0.0021744133974985758,0.0008196831226170431,0.0004309679110034992,-0.03317136223319883
2015-07-13,0.017758323709692547,0.02381291728943591,0.02274663068390481,0.008022096160050562
2015-07-20,-0.023467829497715087,-0.02130976647915972,0.022240708180417457,-0.042331661350699434
2015-07-27,0.009386551654014141,0.011947573421117852,0.00934739011718122,-0.0018250479752119908
2015-08-03,-0.008376661671738006,-0.012188001608955723,0.0146638313899361,-0.020564889592371127
2015-08-10,-0.0025267041448939764,0.007044144602379454,-0.0030607938549271907,-0.01936588802979511
2015-08-17,-0.06497713055738696,-0.056933710820160854,0.019492568250703002,-0.08380677278588688
2015-08-24,0.01323097899091863,0.0073027795326590095,-0.032483969513718236,0.021908280551645287
2015-08-31,-0.0407849916245433,-0.03414730690729151,0.002611817462761401,-0.0543241392059568
2015-09-07,0.025030976425452156,0.021319530084476845,-0.010570843851936296,0.03859868663914101
2015-09-14,-0.003072165997368259,-0.00657851138058696,0.005831870738007616,0.008475892163929188
2015-09-21,-0.020479759856568247,-0.013391860321688931,-0.0045969343797640505,-0.04982393615288361
2015-09-28,0.01576280050155665,0.011086842260479735,0.02454407368556577,0.04134804398895442
2015-10-05,0.03957731123466157,0.03194580336930386,-0.01847402088571748,0.0556571297408488
2015-10-12,0.007834997286404466,0.009589803656469442,0.013403405499485821,0.009669877174460328
2015-10-19,0.014804894410351821,0.02064433921927833,-0.005907866210610457,0.001099228365650795
2015-10-26,-0.007719409845619474,0.0020219445647597922,-0.0034149002715055943,-0.044077301632540866
2015-11-02,0.005324209593229767,0.010096507431391899,-0.03127063294562227,0.015663120746952863
2015-11-09,-0.03432693867497427,-0.03636059204916364,0.00569802366456873,-0.048931417113461606
2015-11-16,0.030207439585861806,0.03287903019939975,0.006413186948477367,0.04411627772996374
2015-11-23,-0.0036184942562247358,0.0011936879346787777,0.004307887338138805,-0.035547724638214984
2015-11-30,-0.00017267391259512266,0.00028626155852773394,-0.003229142816062236,-0.0017668252988030098
2015-12-07,-0.04412221006871597,-0.037622858789624125,0.026030775279231477,-0.07240910873471895
2015-12-14,0.0025230362081725133,-0.009256102750230255,-0.004291668334648335,0.03364803234071401
2015-12-21,0.016246002698184547,0.027904144439318657,-0.011425909795331535,0.021519215211731613
2015-12-28,-0.011577322660552447,-0.00883901548942756,-0.010313197149251607,-0.019376913047068012
2016-01-04,-0.06743293708393283,-0.06040390286770858,0.022793466516093375,-0.08648343189891783
2016-01-11,-0.02719673331962369,-0.021647808497215593,0.019188894217102792,-0.042211840850970184
2016-01-18,0.020273617007334543,0.014326397864416585,-0.0032657934007227496,0.027774782732747916
2016-01-25,0.019870751477897297,0.016656625478485232,0.015516513957194888,0.04172791587946012
2016-02-01,-0.02956638692180258,-0.030237870063293038,0.011092982631206283,-0.0176705841588487
2016-02-08,-0.018287803220955023,-0.007047880415012919,0.021367339450292455,-0.022030322002844382
2016-02-15,0.031835538240315486,0.028367298669680352,-0.0037332373815903708,0.03482365318441438
2016-02-22,0.008803867092933793,0.01596559975000389,-0.004590252485911606,-0.004573656677654192
2016-02-29,0.038868902792293714,0.027004050285182046,-0.013976502485558484,0.0898179220330726
2016-03-07,0.0145562836290547,0.01155796444922963,-0.009689132376352383,0.005968408095301303
2016-03-14,0.011494368400598809,0.007958043562718231,0.013259666702455597,0.023232948839462253
2016-03-21,-0.013845415110369075,-0.00618411671754604,0.003712268335382518,-0.017299951398608293
2016-03-28,0.0142025023786152,0.01853532292884985,0.008761868759648017,0.025406503374415745
2016-04-04,-0.008425275652040654,-0.011764260803362347,0.010126104995047847,-0.023633525418155887
2016-04-11,0.024011865597782567,0.015911846284550002,-0.0009851804527478691,0.035956372270373294
2016-04-18,0.01066344859087387,0.005710885066123161,-0.02705363423153795,-0.002566667635123032
2016-04-25,-0.012246425797573401,-0.012713869161992797,0.007915027359270965,-0.0025732723736764385
2016-05-02,-0.014717914832402812,-0.00296081083101285,0.008236139832731304,-0.04269651586072687
2016-05-09,-0.006811302097363914,-0.004677492078472234,0.013930890696759235,-0.01839342051137116
2016-05-16,0.005202288548349365,0.00355886292175267,-0.016233294340851856,-0.001827639053675334
2016-05-23,0.022118923759919973,0.02285236374050381,-0.00230759943145209,0.0273660099572961
2016-05-30,0.003494076995390394,0.00019020872180686155,0.02569694079069773,0.025191743018725177
2016-06-06,-0.011047917234414228,-0.000999126772916803,0.011566884557256074,-0.010760578729039683
2016-06-13,-0.010992999641259438,-0.017043562673870305,0.006139313139573943,-0.010877629458938998
2016-06-20,-0.03243333335121834,-0.01600970694583026,0.0012527962825599204,-0.010399804969266846
2016-06-27,0.03705800051774899,0.0323389232795952,0.03466971756418502,0.058302782003956555
2016-07-04,0.001950193202651107,0.012921095964382623,0.021326061670328578,-0.0022567521378435984
2016-07-11,0.021898046248759684,0.014843476257185628,-0.03695591729024805,0.03196052233397584
2016-07-18,0.0043226487980350115,0.006511689198136494,0.0029582882319658665,0.008985710914794609
2016-07-25,0.006706230925478174,-0.0005525848552432322,0.01968956817138956,0.004057939431831414
2016-08-01,0.0015412308012248133,0.004870203002440121,-0.02546995307361577,0.012075841023634126
2016-08-08,0.011568695189707157,0.0012825855481084503,0.014960015891883671,0.018237550771807776
2016-08-15,0.0008453671698980258,0.0003660712730386706,-0.009828229871705396,0.004181915306678885
2016-08-22,-0.009168096548922477,-0.005736197443985347,-0.0025264826970854415,-0.02295309621361863
2016-08-29,0.010012814092446476,0.004958013460847788,0.0019495602918899735,0.016673596699598114
2016-09-05,-0.01943794124350262,-0.02358499873108233,-0.022689286342020054,-0.018276197802084226
2016-09-12,-0.004313698210124173,0.00042187432561924254,-0.005698052641061047,-0.01644021983842059
2016-09-19,0.022230724063745377,0.012204410716113223,0.0152450370755286,0.023896946399726726
2016-09-26,-0.0005075293031264749,0.001434211319271128,0.00503035492283832,-0.001593137852543336
2016-10-03,-0.005769575852567321,-0.005842320954622338,-0.026454008719058564,0.008204295320460187
2016-10-10,-0.012845942197012405,-0.00896866167237409,-0.01755159273605944,-0.01647656050860702
2016-10-17,0.007385182839458437,0.004027168302894069,0.012986224479478281,0.019897194576359745
2016-10-24,-0.008419980432098129,-0.0067523583879980364,-0.021687236623177064,-0.01641983204278752
2016-10-31,-0.021101123988813697,-0.018951339079651852,0.00984033672089879,-0.024051946186830264
2016-11-07,0.02058325750152168,0.037042120406675316,-0.07648145755922364,-0.0364892548903355
2016-11-14,0.0017250701190674178,0.009565058852795794,-0.009798772827061875,0.0036811896631641083
2016-11-21,0.013184001403990564,0.013726883614082475,-0.00024826233854646773,0.0162604652223739
2016-11-28,-0.006827156144574076,-0.008340989470465132,-0.01014900342637759,-0.005297618075470467
2016-12-05,0.03235331839100031,0.030617161128304815,-0.017714495174132594,0.025667209780720235
2016-12-12,-0.007823614017278047,-0.006510935460071643,-0.003068538133022436,-0.02902758618710921
2016-12-19,-0.008053727074825545,0.0029728848417160947,0.007738493931730872,-0.017544387299924136
2016-12-26,-0.0032059833983852926,-0.009705391416491516,0.009107021373012891,0.021184241601627907
2017-01-02,0.0202433162256348,0.016329101739363416,0.014417545227548345,0.026204803404978882
2017-01-09,0.005285768665894253,-0.0007044585272169002,0.0037163766739940485,0.013789650111837748
2017-01-16,-0.0034656207678089856,-0.0013662601687043363,-0.011357594561884454,-0.005925177969817952
2017-01-23,0.011505665164723844,0.009786985120723735,-0.002588014871753863,0.0263909193319396
2017-01-30,0.0026113912538319184,0.0016146067052362767,-0.0052801301123093225,0.007339550556955565
2017-02-06,0.006174882705007434,0.009417442767953865,0.014681629416992692,0.0160624936753484
2017-02-13,0.011115678517984229,0.015345358562376177,-0.0036502648633600643,0.006659817856482508
2017-02-20,0.002560059991949082,0.0069941117566578725,0.013948168430730767,0.0005104762382814876
2017-02-27,0.005736102317051461,0.00707130088079122,-0.02204268609596305,-0.006399612492459905
2017-03-06,-0.002545337847543294,-0.003066502693252815,-0.01775193267354158,-0.007475150164373723
2017-03-13,0.011560815416830295,-0.0027806036638908793,0.011785285358720365,0.035831550005692936
2017-03-20,-0.006793556264160117,-0.013464061930683613,0.018704602557816585,0.003737333622008787
2017-03-27,0.0028494002223355963,0.00800687777813991,-0.0014073281144089123,-0.012260828230855836
2017-04-03,-0.0025324459794218157,-0.0022933230509023517,0.0,0.00627433335403671
2017-04-10,-0.008115221990744992,-0.011502991819644315,0.022607254337772886,-0.005519362163374453
2017-04-17,0.006846620218406763,0.008906082724574382,0.0005667762122403275,-0.001258634189577723
2017-04-24,0.019796378285995786,0.014767465381408051,-0.009679220261274324,0.015992329397848337
2017-05-01,0.011446341367602919,0.00678136937311713,-0.008701397548215084,-0.003227838168077035
2017-05-08,-0.00015372617010545042,-0.003008280165060384,0.0008241180126500325,0.01774759981981866
2017-05-15,0.0036849091263970735,-0.002807511653099226,0.01893161159245693,-0.005880969696841376
2017-05-22,0.008849643091878967,0.014166351343146033,-0.0018608826541379742,0.010269087493065765
2017-05-29,0.011779036293468437,0.010126008274209397,0.017182272070434657,0.001458375549774793
2017-06-05,-0.005721142405266555,-0.0031174171191148403,-0.00975930631945765,-0.004869669952524802
2017-06-12,0.0006036722618469881,-0.0031684185239830853,0.015553629186612739,-0.005384281666955815
2017-06-19,-0.011076598205076671,0.0020174389322118458,0.011254203863435563,-0.0004909292655308484
2017-06-26,-0.0007632306288778423,-0.005485348995383887,-0.02103672687245073,0.002452239755958985
2017-07-03,-0.0022930764848290153,0.0012812200560166076,-0.019367951182578835,-0.005402793449505339
2017-07-10,0.02090042622045374,0.014149135759388365,0.0049583568586824,0.045960207511796636
2017-07-17,0.005828296918539699,0.00536110177583371,0.018954872936087774,0.00187965321697936
2017-07-24,0.0013401288510994647,0.00012150419739054286,-0.01442450715968846,0.00794954301243811
2017-07-31,0.004898723394253679,0.0020229817248358373,0.00835951268542523,0.006962271119454133
2017-08-07,-0.017628187729498812,-0.013387006640552812,0.011935214851086506,-0.01938185169988582
2017-08-14,-0.00015075946402109963,-0.005792544997341942,0.0015016990699159294,0.014513338593278302
2017-08-21,0.010645676925570946,0.007593324922464895,0.005513103209458414,0.026827287862870808
2017-08-28,0.009795210733907211,0.01332269429272781,-0.00448695754568007,0.0094573587216229
2017-09-04,-0.00029537138827784304,-0.005096870026244815,0.017595761890379258,-0.002019073145788308
2017-09-11,0.01291662225772594,0.010529175628374965,-0.016728283344699335,0.011831873560479877
2017-09-18,0.0017485469224718386,0.0010027476024303539,-0.005216195091776399,-0.01972276058151401
2017-09-25,0.0018907321667569477,0.007150422111640076,-0.01147601706287471,-0.013903371774439677
2017-10-02,0.008392493564556958,0.012421043579656121,-0.009422302891791468,0.01819470819281621
2017-10-09,0.008608352549873466,0.0022775547428279808,0.018121103486210544,0.018090976476619502
2017-10-16,0.004561006987747085,0.008436516382321457,-0.014970420106555693,-0.008223158349494497
2017-10-23,-0.001850363511954889,0.0023309366466452985,-0.005986632955623072,-0.0015633658670237693
2017-10-30,0.0056825540036422595,0.0028674103136339113,0.019287013417944365,-0.0026858285116553304
2017-11-06,-0.0029793466603917906,-0.0013939517616465835,-0.012332989897504198,-0.0006725430049430159
2017-11-13,0.0,-0.0008916019371199013,0.018284679914920332,0.006259774121822659
2017-11-20,0.01368822966861405,0.00964848726696843,0.0032387062406940004,0.016138286874854746
2017-11-27,0.0026594240912745093,0.015624746375904941,-0.0019735549644472883,-0.03458234799574633
2017-12-04,0.000977990913830773,0.003962562718902163,0.0011056657785024626,0.0020410519386238057
2017-12-11,0.0050146449388686065,0.003759261459940433,0.013017777986163104,0.006548536815544015
2017-12-18,0.000416736535065354,0.003745182323851459,-0.028288939352878906,0.02225776267230195
2017-12-25,0.001249168601299644,-0.0024328638981128137,0.016612105499016927,0.010510268448693072
2018-01-01,0.0279049840003891,0.02428500219170182,-0.009106461373084684,0.041597140295580814
2018-01-08,0.014330918756163769,0.01632422719376958,-0.009511341029472042,0.012664979808918453
2018-01-15,0.009528939809551495,0.008919480114539802,-0.011794297141225485,0.020016998455224755
2018-01-22,0.02111381386648592,0.021764851510916117,0.004297584497339635,0.03047131647146628
2018-01-29,-0.04012908453984476,-0.0396115141979454,-0.0329839872053892,-0.05483036455147339
2018-02-05,-0.05306831185470706,-0.051971884730432905,-0.013809577492374103,-0.0558185137965137
2018-02-12,0.04471028106654451,0.04344030729258641,0.0065074950803740705,0.056647033241976175
2018-02-19,0.0016230913436405814,0.005841373884940992,-0.004897846643216575,0.007220295133751886
2018-02-26,-0.024351392281166007,-0.02070728142748912,0.001860633357133601,-0.02856449271718242
2018-03-05,0.028936135586916656,0.03573702264793255,-0.0037246704199622727,0.024032115437268242
2018-03-12,-0.009190499744714309,-0.016887894256021774,0.015985481627395437,-0.012048376706350172
2018-03-19,-0.049544085363054435,-0.06070449435709868,0.00300025741151444,-0.04225980068679025
2018-03-26,0.02271062677914326,0.019570871315904625,0.01429365731868426,0.023910684163591434
2018-04-02,-0.012349262668121419,-0.013120056265373492,-0.006584411045799321,-0.017608350592754007
2018-04-09,0.019575590377292507,0.020691548223674694,-0.001652867717143458,0.008198558651769883
2018-04-16,0.0033176400801222528,0.005491180911142202,-0.020388427121505792,-0.008631938028628383
2018-04-23,-0.0006902108566331222,-0.00018751165563557493,0.0036233476164619915,-0.003256221469180698
2018-04-30,-0.0026274292234891305,-0.002027897193271677,0.0008407472773335201,-0.017326914330797916
2018-05-07,0.020150105157799914,0.025350763375462826,0.002014990959112062,0.019932755738096386
2018-05-14,-0.0073549895839528645,-0.0055864732436212705,-0.017087239049059733,-0.02547908156477474
2018-05-21,-0.0032862942795777172,0.003017619695070195,0.02035288465321461,0.004882331238849069
2018-05-28,0.0023289025191441937,0.0053138456033856585,0.005668573771224317,-0.0013291441789489156
2018-06-04,0.011834391323665372,0.016637134199716463,-0.006421272671163436,-0.0002217522752014922
2018-06-11,-0.004336633810814838,-0.0038176144637178666,0.007086007626327273,-0.02015740633067109
2018-06-18,-0.022108702468540464,-0.00866156744047597,0.0012452911687654833,-0.032420354520176
2018-06-25,-0.012575181784967526,-0.01267366703449646,0.009824660585093348,-0.013884212703449972
2018-07-02,0.01062939388006967,0.015145760735051361,0.008426431617079011,0.001184114682082793
2018-07-09,0.010793053488978188,0.015026977190160551,-0.00024441910862460503,0.012933730958879952
2018-07-16,0.0017875185141402739,0.00032183503651239675,-0.01610022503748265,0.002566810685372456
2018-07-23,0.007663888078459635,0.006202196795006998,-0.01082354288824483,0.019158158174912288
2018-07-30,0.0002726863742976704,0.007716553105212576,-0.0020110436094169515,-0.009648638534243137
2018-08-06,-0.009861759141133852,-0.0015526943405443916,0.012006167332404338,-0.022409879946221345
2018-08-13,-0.0012396388592854635,0.006687554023358189,0.0026485670633418223,-0.02437397719721357
2018-08-20,0.012735541312307141,0.008558000345058936,0.01077001026119806,0.020115624341041638
2018-08-27,0.004344877232592914,0.009691632943899187,-0.01060473509106341,-0.003324614499431444
2018-09-03,-0.01873552398738454,-0.00937866208217919,-0.015575234840806473,-0.03830775867464231
2018-09-10,0.014254639314248863,0.01134018070633136,-0.004880472502152067,0.006896642886501159
2018-09-17,0.016332941024243652,0.003808693885984482,-0.012306580680673918,0.02568586928043226
2018-09-24,-0.005773769540325269,-0.004358912814687699,0.0014506822741831016,-0.019324254574262678
2018-10-01,-0.01779824438060018,-0.010025298657510895,-0.03673719337187542,-0.0443852148116024
2018-10-08,-0.03799861516517211,-0.04211557606734928,0.012571044118924846,-0.012830557957906219
2018-10-15,-0.002280879942923697,0.001086518710065043,-0.006661451009133401,-0.016404509438303627
2018-10-22,-0.03781166529527802,-0.04033196915634818,0.011193809897832807,-0.018013740215240492
2018-10-29,0.030650362817083554,0.024423342935522285,-0.02634627818794666,0.050812043409696805
2018-11-05,0.008729938954592065,0.021359840019348653,0.011981492196786014,-0.023391371896920532
2018-11-12,-0.008586178463926508,-0.014615207393832819,0.011839634037012381,0.029217849178210464
2018-11-19,-0.03109065863059257,-0.03903810822256748,0.003828776417819313,-0.025583385468636255
2018-11-26,0.034677205670526234,0.04602777187934137,0.001648826167791384,0.02810605269093891
2018-12-03,-0.0392837606183889,-0.044812907754486986,0.026355609155727322,-0.027328982851225536
2018-12-10,-0.008225621333514788,-0.01183131903855461,0.0005909890226476477,0.002327691595311432
2018-12-17,-0.06675344716376852,-0.07893636399003601,0.01872962627856989,-0.02193872722971335
2018-12-24,0.02473564461680322,0.028868841099749076,0.00272988402334029,0.00789060507717787
2018-12-31,0.018773324939068026,0.018555334602447182,0.008718574248517186,0.01791564086962083
2019-01-07,0.0236949904733752,0.02577537324967949,-0.00971041452254795,0.023398783083756758
2019-01-14,0.023879526034465748,0.028473225401531188,-0.011393551324945683,0.019171519007166182
2019-01-21,0.0020497720704408806,-0.002555212153302122,0.008080357476645261,0.011036304957669163
2019-01-28,0.012644527357429602,0.015975253182206828,0.0035612303899217324,0.011398236989793809
2019-02-04,-0.003037524423736393,0.0015170434265181498,0.01142587255487637,-0.011886172053764632
2019-02-11,0.021213398996070332,0.02519114642923892,-0.0030286530285845714,-0.002932527313231237
2019-02-18,0.009738201528369572,0.006361163209107623,-0.00336689833125714,0.02370121907649958
2019-02-25,0.0029451912877194175,0.004575026619827227,-0.024227934364710713,-0.004071421911041373
2019-03-04,-0.020800200301500205,-0.021483027469443527,0.024227934364710713,-0.013286806321219924
2019-03-11,0.029861304897377927,0.024651755713031243,0.0014795359052852675,0.034655177499917755
2019-03-18,-0.010041942842200058,-0.0073498174716295495,0.02522335255918673,-0.017058012196445205
2019-03-25,0.011290177771022591,0.011500352563230898,0.01257479213434376,0.015412315455554548
2019-04-01,0.02166251116306661,0.02132992570117409,-0.01924444467099029,0.031270608090125496
2019-04-08,0.004060582434054716,0.005494791381932096,-0.011025653867249297,-0.0027403290636227595
2019-04-15,0.0013498716520405907,-0.00048265935717672903,0.001873220869613057,0.006382487727820241
2019-04-22,0.003232400028781335,0.011621112533712008,0.007377083726022526,-0.012575888922387701
2019-04-29,0.00469513861109494,0.0021108380253878067,-0.0012122189688623664,0.007564547958224477
2019-05-06,-0.024933594992279318,-0.020374135521681325,0.008775840886865005,-0.04914424276836371
2019-05-13,-0.0122870244581188,-0.007875462372480158,0.009890787135354628,-0.03963334192018042
2019-05-20,-0.006969640909990638,-0.010762995056508906,0.014107503854051906,-0.0055055500863256945
2019-05-27,-0.019777471633671162,-0.02691681157783332,0.031203202038358135,0.019630421306072066
2019-06-03,0.037248827788041616,0.04399204782168642,-0.0006829027498369555,0.005643483189996079
2019-06-10,0.00041226935990401614,0.005581529315549005,-0.002127651002567177,-0.0026951042664702385
2019-06-17,0.013104188424726715,0.01625379593237941,-0.00022833914021891388,0.03803110213533101
2019-06-24,-0.0004069010557019581,-0.003407158321613757,0.010445182262690977,0.004477411252785668
2019-07-01,0.011867938090020402,0.01846328285621368,-0.0028653683969306343,0.00702915381558844
2019-07-08,0.003479689609262593,0.007310885311230031,-0.016828811449653536,-0.0021035452163959967
2019-07-15,-0.008452418400271,-0.011642366377058622,0.011225357078292753,0.00023390622020080798
2019-07-22,0.008586038549980302,0.016155750937424607,-0.0016719962676248201,-0.0030455937736597605
2019-07-29,-0.03189519778483785,-0.031585339481391195,0.03761913378132942,-0.04830924488131494
2019-08-05,-0.0073361635567694705,-0.0034232541190970522,0.025601691721731434,-0.01288742626724515
2019-08-12,-0.01033392085284568,-0.009544024786716676,0.042497146404124386,-0.008768651100674152
2019-08-19,-0.011293110147692076,-0.013944796004146554,-0.0011640123344900388,-0.011897399113127705
2019-08-26,0.02370869014998256,0.026331006276083535,0.009002871070267204,0.028368942489636062
2019-09-02,0.020039088737463295,0.01896746308000541,-0.010168344571408028,0.021790539334716197
2019-09-09,0.014435425362099963,0.01014799450609516,-0.0655496212463964,0.02156283151499272
2019-09-16,-0.0057760961840607195,-0.009376572632589841,0.038434542398936955,-0.016489766349439883
2019-09-23,-0.011244469943852309,-0.00970228914770832,0.005902598490169275,-0.03332009907403011
2019-09-30,-0.00491670758769569,-0.0035607932255699026,0.02258346013106749,0.007940480949014894
2019-10-07,0.01265237328113944,0.006535392815147034,-0.038757795154664265,0.015207620521618281
2019-10-14,0.006602434046556915,0.0056878653685279446,-0.006142441976889401,0.007759488054991159
2019-10-21,0.012677884628192082,0.012108841977404694,-0.007623176329461856,0.012720650772644948
2019-10-28,0.014873551181776357,0.01494090514145796,0.014619676131841786,0.013502507469479674
2019-11-04,0.00819726478298577,0.009104529676251083,-0.04102650991414425,0.008201533503640945
2019-11-11,0.002846808653703903,0.009182820485825083,0.02090508420897752,-0.013391477303856814
2019-11-18,-0.0040136980942540035,-0.0026656526096555666,0.015414837239196011,-0.0011832740240778072
2019-11-25,0.0059500767485296535,0.010715493200672555,0.003710080505528346,-0.0040336551807631515
2019-12-02,0.004246860810324549,0.0017800874566420433,-0.01485116819984178,0.013930106789135088
2019-12-09,0.012886870614357449,0.007750911793178439,0.004974862880355424,0.02409190181627796
2019-12-16,-0.00012671324056157118,0.010688930432357857,-0.01733874552101522,0.022854307156792153
2019-12-23,0.008584830912492514,0.006619065410865765,0.004891154217600224,-0.0020154558654015275
2019-12-30,-0.0021393803920677357,-0.001394708478797746,0.013022813021820845,0.002462793321306833
2020-01-06,0.008030148723415564,0.010183349797396879,-0.004899798545914713,0.012223715416296965
2020-01-13,0.015992418715935486,0.018977003261756664,-0.003038403254433497,0.014038383377777741
2020-01-20,-0.012873069870882325,-0.009626007211918086,0.02899165898351974,-0.035924016331195574
2020-01-27,-0.02727781288675324,-0.021645666097231064,0.026531121563833082,-0.05285129337899663
2020-02-03,0.028647257414880833,0.03202451529550032,-0.010126503293310662,0.022129020966390023
2020-02-10,0.01310122792910029,0.016124546875712298,0.0008305791726073153,0.018911995467495224
2020-02-17,-0.01335003523823719,-0.01227885431403486,0.023856972591763004,-0.012645282338512143
2020-02-24,-0.10624579225934383,-0.11834544636997357,0.04794064169610657,-0.06450768864497025
2020-03-02,-0.00041523674423782353,0.004042253321235201,0.0711925393900188,-0.010169995678806387
2020-03-09,-0.12066003643235401,-0.09937944256585496,-0.08005271128673108,-0.1108883570010808
2020-03-16,-0.1462417332704451,-0.16305201802856306,0.03504197651360652,-0.14288661171997852
2020-03-23,0.10900598536723205,0.10219991130164185,0.050571742152197174,0.05592583204088353
2020-03-30,-0.027781824558689827,-0.020853592438341728,0.0047590991609745,-0.007319388752726308
2020-04-06,0.0992575552222199,0.1141457316609138,-0.018629432213091768,0.06373475600965905
2020-04-13,0.023274175825787502,0.029886800732692897,0.014526054885111606,0.02299608402005804
2020-04-20,-0.013510650749581465,-0.01288623482980178,0.017895052072928408,-0.015271815652122989
2020-04-27,0.00014949758405613522,-0.0006362863360687143,-0.017061126649696057,-0.0037116693441148207
2020-05-04,0.03451908229132172,0.033554922838734846,-0.02392185477440556,0.04310773598896489
2020-05-11,-0.022190753964022036,-0.021289177167137296,0.016511373119407757,-0.02048235722012448
2020-05-18,0.029813930293483892,0.03149543020155665,-0.0069825338053606245,0.010016795609165907
2020-05-25,0.03422628660449778,0.02961402461658036,-0.011910007207130313,0.03375393072018751
2020-06-01,0.05691985970484659,0.048176551019295744,-0.046802384341851244,0.07500615653304976
2020-06-08,-0.04357805948648519,-0.04853813013802455,0.03888560244540784,-0.02234868589645389
2020-06-15,0.007350984561412588,0.014457372312872252,0.0005543523947064699,0.010860071174086272
2020-06-22,-0.018065355556284857,-0.028226509866462024,0.017458633013353264,-0.006552496585198853
2020-06-29,0.03461016374125769,0.039791044147779786,-0.01009620351161633,0.038199111685664366
2020-07-06,0.019420667531050206,0.017021100300274483,0.016610502590829412,0.047294108182954986
2020-07-13,0.010801091640352922,0.012920374629919351,0.0027017935285886807,-0.013319591905125439
2020-07-20,-0.0012951493892563448,-0.002614369151430651,0.017592315564157524,0.008666238785298042
2020-07-27,0.006587823357987688,0.017423932257691455,0.00739566959890503,0.0030270660986579934
2020-08-03,0.021525411810783268,0.02435497819341581,-0.006571222314875058,0.009948036241558267
2020-08-10,0.010279640352955255,0.00676188215998863,-0.04023849307142413,0.005738567518561055
2020-08-17,0.005472680736771096,0.007807038173864633,0.01833802294302611,0.006388399424172686
2020-08-24,0.027284933697938385,0.03217382002921454,-0.031042465394575558,0.026261146913187705
2020-08-31,-0.021965439620739602,-0.023112849731038665,0.010004470357933393,-0.023535755037413786
2020-09-07,-0.01554274313612325,-0.02515542750836186,0.01063508726848994,-0.013701937626811933
2020-09-14,0.0012523291712458473,-0.01026021459198656,-0.005547878243527649,0.014382104972118448
2020-09-21,-0.0165314535891552,-0.005823617101548884,0.009431374674193194,-0.045678449526956655
2020-09-28,0.01665662893386255,0.01542504675366363,-0.014457171633221577,0.023215906163827515
2020-10-05,0.0357685272183188,0.03823060211465634,-0.016479146873992434,0.03954165820094824
2020-10-12,-0.004477562440442284,0.0012677629615138741,0.008087658051201707,-0.003124291435795623
2020-10-19,-0.00012122635557254569,-0.004357459243471418,-0.02116550486714175,0.013762679297214753
2020-10-26,-0.053568703820674024,-0.05725025228025249,-0.0027884369424757693,-0.03476853970289273
2020-11-02,0.07148103991488686,0.0698377244749393,0.011609672162180118,0.06751565597339937
2020-11-09,0.024364174522696125,0.02242209070752388,-0.007872320601629568,0.005531974453084398
2020-11-16,0.004061490668318513,-0.007765396687388737,0.02095982422230591,0.016205772673568486
2020-11-23,0.023576339917776856,0.02320000258748589,-0.008019147833238094,0.01779473391766473
2020-11-30,0.01426265532724269,0.01685063458790559,-0.0318332903201588,0.011824844003747614
2020-12-07,-0.005815232575721474,-0.009644898077015185,0.022742052913439004,-0.00223192972215136
2020-12-14,0.006929670166058166,0.00783167368176052,-0.015487471697182897,0.016119616629051148
2020-12-21,-0.0021185540240145073,-0.00048766610077333183,0.006122023265922927,-0.022436527711291898
2020-12-28,0.012534187701996657,0.013138259333694613,0.002793490844292812,0.0240343277624695
2021-01-04,0.02954169177281596,0.019546679325690874,-0.04148783524518862,0.045830355834946435
2021-01-11,-0.013684867068467277,-0.014690597628557178,0.003298808664387032,0.0007622126107635907
2021-01-18,0.01721026149236593,0.018930651841561286,0.0003951106813477878,0.0281708769666964
2021-01-25,-0.036158265227347997,-0.03402944018803389,0.0007897533335281537,-0.0439131811848239
2021-02-01,0.043807311781997704,0.04656541871892106,-0.02646557316719811,0.05312983628974788
2021-02-08,0.01938957700320021,0.012635583386295224,-0.0062343372680109255,0.030538079014776454
2021-02-15,-0.005307755726735586,-0.006669542717679278,-0.026449618684742937,-0.0023162104505258796
2021-02-22,-0.035259037587879405,-0.02510552195321125,-0.0010475866427741565,-0.06579986299235419
2021-03-01,0.004852513379871581,0.008560424985097903,-0.029857137311072535,0.002093383493463996
2021-03-08,0.023495463589435772,0.02682461662799618,-0.020730320799163593,0.005119959310128319
2021-03-15,-0.004633971520120461,-0.011690631454064793,-0.009674737184207416,-0.001135457321471467
2021-03-22,0.006313800388724644,0.016551188354968716,0.014074906360754369,-0.01738177315100886
2021-03-29,0.011057879750747013,0.011624616237785546,0.006200485637612552,0.011875238578376024
2021-04-05,0.018909246397225132,0.026796345841925806,0.0,-0.006111548646291709
2021-04-12,0.014653356239699988,0.013924857352982656,0.012646048281543365,0.01104979844274867
2021-04-19,-0.001304996934964997,-0.0012470493972225327,0.005728234727208736,0.0099916486481062
2021-04-26,-0.003622833794398872,0.0013428556364170063,-0.010190243791295295,-0.0062094813915334335
2021-05-03,0.014214434999135328,0.011484263890437774,0.0042465702299097075,0.0097671786983482
2021-05-10,-0.015324039268742595,-0.013211134475563213,-0.0155625008708693,-0.032291519365084564
2021-05-17,0.0014119960741707516,-0.00394455041121855,0.004294793410563713,0.005198826777056187
2021-05-24,0.014309548070150946,0.012216027832155696,0.005577532627730086,0.03417041005219579
2021-05-31,0.008311083165999378,0.00607615444382148,0.010490801641466874,0.0207555850092076
2021-06-07,-0.0030591385320901665,0.0040381947820238295,0.01707992149628712,-0.006382778666996103
2021-06-14,-0.021074443975424018,-0.022378551480900732,0.023747805687937884,-0.01846433555446758
2021-06-21,0.02502001549430588,0.02778444966250415,-0.025858126252565228,0.016633196551623985
2021-06-28,0.00491015413508844,0.016528954830121734,0.0211120811814407,-0.011058024332719185
2021-07-05,0.0,0.00414152681885227,0.01022065716236309,-0.018328539169164326
2021-07-12,-0.010933382427936955,-0.009644060503569918,0.011400054949318061,0.00018877297621866518
2021-07-19,0.014160944740649661,0.019741725793225307,0.0019547259742411782,-0.01962907399728131
2021-07-26,-0.0029337303018008853,-0.0032557206876573375,0.00684523347906385,-0.016493989460441227
2021-08-02,0.008192734285851877,0.009035204413534004,-0.011705518621589306,0.0031256100019900757
2021-08-09,0.007837156765686082,0.007721750593205456,0.005196949352027858,0.002337794403184823
2021-08-16,-0.016911721006259484,-0.005757545770999961,0.013373652746212272,-0.04050585416732577
2021-08-23,0.01902976564986769,0.015420935980998252,-0.0072664317754966845,0.04167274214885586
2021-08-30,0.01251985132397504,0.006265696639883522,-0.008601141862312645,0.027603796429056526
2021-09-06,-0.015409221016557062,-0.017006117509061447,0.0014835880438077709,-0.006829861810209614
2021-09-13,-0.008913042517179726,-0.009111083191880809,0.005175293286418636,-0.020773934618846912
2021-09-20,0.0018472108004674581,0.005670367437212498,-0.015266403580980636,-0.020817746528860592
2021-09-27,-0.021501931145106568,-0.022024493274718893,-0.01067551031316949,-0.006970026685332975
2021-10-04,0.0068245635048409525,0.00830183696707465,-0.024163004676228894,0.014876798944273517
2021-10-11,0.021260800501964994,0.018128227635159533,0.021958944834750582,0.019690631697982575
2021-10-18,0.012276037958155683,0.01612956152958489,-0.006224905182411256,-0.0003861837882848107
2021-10-25,0.0038054835589163005,0.013437743805916114,0.024399794995985324,-0.02186730918706159
2021-11-01,0.016107343306347666,0.020005407079301207,0.01084222601675311,0.004529787045665312
2021-11-08,0.00046712180412278315,-0.002692905628339126,-0.013282743838067823,0.02311460445161817
2021-11-15,-0.004586929271200191,0.003461005053748245,0.006966775587862628,-0.01977959434984289
2021-11-22,-0.03058108289794159,-0.021383379492890597,0.014520635027665207,-0.04036512841202322
2021-11-29,-0.01011190815850238,-0.01216597323203139,0.025060398728469657,0.0002038601601035417
2021-12-06,0.03173949284086941,0.03748702599352338,-0.036216519459578045,0.023772278191550367
2021-12-13,-0.02744894686070598,-0.02336207364023224,0.013147115888081373,-0.02560882914402729
2021-12-20,0.022418814392099584,0.02306465903459376,-0.015433728844232775,0.004483423488754745
2021-12-27,0.0064491907332637766,0.009222082708687296,-0.0022244073988604285,0.0056772005894814015
2022-01-03,-0.014281876738528432,-0.018851831303612343,-0.040838919985109357,-0.0012137885006966442
2022-01-10,0.001820383174853113,-0.002943664356957143,-0.0011252526365046478,0.025778170310192916
2022-01-17,-0.04854136527451747,-0.05926180399349601,0.010709504384190716,-0.020528848384937515
2022-01-24,-0.005946062839726984,0.009023508810268588,-0.003487240128848157,-0.031294071500054255
2022-01-31,0.019618275950718633,0.015157759059468034,-0.029207508837975737,0.027662832765483536
2022-02-07,-0.012366746399428585,-0.01853492423651737,-0.005482193070233343,0.002623900343154073
2022-02-14,-0.011099997405863427,-0.014245243008566888,-0.00014470683452660893,0.001611239361106076
2022-02-21,0.00020288801599388506,0.008073598223778511,-0.00988739901956226,-0.026923913224350393
2022-02-28,-0.03499711368205016,-0.012828910740946498,0.024323745234361205,-0.055032476892837856
2022-03-07,-0.02478456753435765,-0.028397678932569725,-0.038747363187158435,-0.0428445309542238
2022-03-14,0.0634272610549873,0.05657364210996363,-0.010955959689211703,0.0584495556876643
2022-03-21,0.010557667141578797,0.018212546304514632,-0.036478662460027955,-0.008856302550242834
2022-03-28,0.00449077088246419,0.0005079691859481983,0.028503317129278116,0.01976429928850809
2022-04-04,-0.015149546301183037,-0.01188257266559578,-0.05640331282701272,-0.016947678074628936
2022-04-11,-0.01846706125133668,-0.022093603561200048,-0.03555100621590146,-0.016799793847112277
2022-04-18,-0.028515205694492174,-0.027206104234491768,-0.006313904359789291,-0.04201446587742108
2022-04-25,-0.028479641079553808,-0.033509909282057215,-0.004510539949486692,-0.00321772752024696
2022-05-02,-0.012064262356123123,-0.0016032351310899529,-0.04959835063330065,-0.03537907555127484
2022-05-09,-0.016577093089952477,-0.02366478265460703,0.02011829380226171,-0.010790196135333385
2022-05-16,-0.013439724186512514,-0.030557748174646626,0.021579571833729716,0.016734809960152752
2022-05-23,0.05108862002416359,0.06370727020953648,0.004798188298154926,0.020183754839363743
2022-05-30,-0.008789569574268796,-0.011431466495827713,-0.02594678368537995,0.00925070688709173
2022-06-06,-0.05742134273737598,-0.05183963134557157,-0.019669930793563495,-0.015543711070434174
2022-06-13,-0.05578091631874482,-0.06338304923253713,-0.014965918679523682,-0.03134903295416924
2022-06-20,0.05208021006652519,0.06410110534509617,0.004273472750527141,0.017695293598529283
2022-06-27,-0.021430578250703824,-0.022922739415880855,0.028550868046417044,-0.018902275897845655
2022-07-04,0.01141651415326006,0.019301616628788487,-0.02908403751825439,0.003375922799376152
2022-07-11,-0.01449893661964019,-0.009149736774088701,0.03184313304412001,-0.035031145488718884
2022-07-18,0.027058723283365005,0.025532625471202053,0.02053848356518806,0.016566040213537025
2022-07-25,0.03731650375058937,0.04188547572685142,-0.009492424278003675,0.013154901653329443
2022-08-01,0.00011135136271445134,0.003585909886784755,-0.008208674380381531,0.0014510612639808684
2022-08-08,0.03090995357598114,0.03243322874448484,-0.007930376464296174,0.02764713316390388
2022-08-15,-0.020500171644968646,-0.011681144865124615,-0.021961616655684857,-0.02330663201905292
2022-08-22,-0.032128975505290924,-0.04068484688489438,0.005117824826966988,0.005040190193631222
2022-08-29,-0.034137009856615386,-0.03277832794209079,-0.030381191772143268,-0.028164032740439104
2022-09-05,0.032201142210890765,0.03595604375944017,-0.01748091622350767,0.010045407075963908
2022-09-12,-0.043566235701473666,-0.05313309962168855,-0.01151463998679958,-0.033464575434684285
2022-09-19,-0.051048939405505145,-0.04674972403526745,-0.012877959315622078,-0.0557210520305258
2022-09-26,-0.025121794800055497,-0.02970725666072216,-0.031230019107180595,-0.027835839892198955
2022-10-03,0.015173958003536825,0.015584342130975593,-0.014353364011555847,0.017656243044404274
2022-10-10,-0.018262436793524905,-0.014325231967377228,-0.024254528304258116,-0.04066493133472404
2022-10-17,0.04090970069126598,0.04553197479436388,-0.05634119077181854,0.030108617502816237
2022-10-24,0.03034040633116586,0.03859980709187294,0.03822126399945702,-0.032354491958125564
2022-10-31,-0.011953029179309738,-0.03311115023930977,-0.027014539581179164,0.05335684692014642
2022-11-07,0.06193121081455644,0.05721303882544948,0.038211906810487584,0.03688138405633978
2022-11-14,-0.007448540723169472,-0.006242653645220919,0.017719291230148926,0.0007701859975868253
2022-11-21,0.015408607640885918,0.015782651137603132,0.032193973400346465,-0.004887532337934264
2022-11-28,0.016066861974665336,0.011319425752343903,0.03991191054746679,0.04758605656002857
2022-12-05,-0.02688521712963965,-0.03407021649460784,-0.007122085332740724,-0.012370272108338742
2022-12-12,-0.02809889085512296,-0.025782150290504013,0.007308866591415608,-0.01656664084732551
2022-12-19,0.001647245850379342,-0.00093968879765427,-0.047316101903814634,-0.019423006141867205
2022-12-26,-0.0021183991760054255,-0.001254373354494298,-0.025779794593653982,0.005917926536506357
2023-01-02,0.025473927388261153,0.014665858505417795,0.05491271808522846,0.05027949312858482
2023-01-09,0.02964691801483088,0.026496028893737922,0.014816481046073804,0.02766921842769543
2023-01-16,-0.00022306280637618414,-0.006596350867707379,-0.005165572036845312,0.008271399737207918
2023-01-23,0.01878098252649618,0.0244535060700235,0.004790785977001555,0.009369890668811998
2023-01-30,0.0053484584714871275,0.01630786464856193,-9.373634247467066e-05,-0.02837742534599519
2023-02-06,-0.011606366325099593,-0.010507288325446673,-0.0315128900112045,-0.01498333841432542
2023-02-13,-0.0009917246829660442,-0.0019134036544858901,-0.009816885493104444,-0.008804180511958304
2023-02-20,-0.02851420758999179,-0.027078466686499603,-0.013867899096116076,-0.031186262632817208
2023-02-27,0.023208616266636284,0.019511711061394266,0.00907033888990405,0.03069485087044521
2023-03-06,-0.04383739049646085,-0.04628087932966185,0.03566984114017746,-0.03934851040045473
2023-03-13,0.0024287189883587246,0.010516881582160131,0.011862332348514748,-0.00976111655775469
2023-03-20,0.017065040900765993,0.014661626032513198,0.0,0.024730320782522686
2023-03-27,0.03459787194655295,0.03388558395962704,-0.004502359399991995,0.017226800648558527
2023-04-03,0.0010963543576254509,-0.0004886809031150463,0.020103013125718938,0.0022252487615457284
2023-04-10,0.011331575664835114,0.007959608841296095,-0.032304638967635135,0.004189732949495095
2023-04-17,-0.0014094964327577841,-0.0006305125882306584,-0.0064922921784420495,-0.017616113137782552
2023-04-24,0.004546426768553324,0.0090082611916813,0.01953962908064355,0.007232876193242532
2023-05-01,-0.0030286533539127802,-0.007965639788908518,-0.014857142990336136,0.0052050948629132066
2023-05-08,-0.00663010557153676,-0.002523620138643601,-0.005928519547667932,-0.020985035322945045
2023-05-15,0.013754527615224887,0.016935876180303566,-0.030873545673219205,0.0070440235735964585
2023-05-22,-0.0033399540873304545,0.003338727519471618,-9.893799391935687e-05,-0.0010032836707876136
2023-05-29,0.015314812586817439,0.018633990567467507,0.00886357537719995,0.01246898995421386
2023-06-05,-0.004794095992683545,0.004616315702640428,-0.000686574458691247,0.01256024742723083
2023-06-12,0.025723560724688177,0.021994071720269126,0.006649744006308467,0.026088388402484952
2023-06-19,-0.022844281016864976,-0.014324101863387284,0.0070898500821643395,-0.04361751433236494
2023-06-26,0.021386105708669056,0.022979042643703984,-0.003781450005321929,0.013114100284996155
2023-07-03,-0.01290343994976606,-0.010727819242888792,-0.038218694839670775,-0.0024611991624574614
2023-07-10,0.030877251355318158,0.024172496117962794,0.02206007563565393,0.032726188941127
2023-07-17,0.0031685779205430364,0.006434015770225621,0.00433457906673862,-0.014171010516222271
2023-07-24,0.012272572679906446,0.010428035802644509,-0.019053923566161757,0.03983457653563205
2023-07-31,-0.026145255656357946,-0.022374907394043575,-0.033414526023275215,-0.029247407569285677
2023-08-07,-0.005499352685036207,-0.0025995659782314107,-0.012089735824637238,-0.023000576733716027
2023-08-14,-0.02507503061241856,-0.020745501601309613,-0.0169191527581658,-0.025047859205131306
2023-08-21,0.007969862846406883,0.007918170264496815,0.015345076954312198,0.010243683610863918
2023-08-28,0.02394878678330059,0.02518199668456056,-0.003893336292452254,0.018227146770795066
2023-09-04,-0.014992418490008319,-0.012646427606862964,-0.0050734251560999866,-0.01897310675025876
2023-09-11,0.005126852557064687,-0.004837489740212142,-0.01505397188265345,0.008422149003593837
2023-09-18,-0.027080113983734222,-0.0296431175153824,-0.01659562774084211,-0.022198177042600964
2023-09-25,-0.009589033947269954,-0.006853978009345063,-0.03042648459836972,-0.011159193609654228
2023-10-02,0.0011901608840032551,0.004807359172429138,-0.04496954880227566,-0.0028093649886238303
2023-10-09,0.003130834256539039,0.004552621994141859,0.03271753153146317,-0.0017918780497820919
2023-10-16,-0.025878991202305635,-0.024183466439460233,-0.0511671777830367,-0.029379397567464327
2023-10-23,-0.020225341191110857,-0.02526973948762734,0.013483944869623343,-0.0031713225865033223
2023-10-30,0.057039307196095734,0.05681883437934765,0.037911452993268924,0.044773932178689524
2023-11-06,0.00552895238645057,0.01352695821232519,0.0040997736545476116,-0.0032956616069523825
2023-11-13,0.02760814754225649,0.0228415209007915,0.02303087882717403,0.02532411412959812
2023-11-20,0.009546860302748428,0.009954897440914046,-0.0026690169144449882,0.005185814560593194
2023-11-27,0.008849193267468358,0.008311549019926368,0.03490692822532182,0.004914033686157282
2023-12-04,-0.0004051546263541539,0.002393139577057113,0.016531097531696126,-0.014566364570085089
2023-12-11,0.022637205951113515,0.019644913014739807,0.047610835306294064,0.021162222397307584
2023-12-18,0.002077656773966652,0.009162522293916453,-0.006780354391742627,-0.019919542016877845
2023-12-25,0.005814220338389298,0.0034985781703493757,0.0040534499687954195,0.020649705855216638
2024-01-01,-0.016745447763780952,-0.015669847774346657,-0.026542485172244668,-0.01495301287825157
2024-01-08,0.01359615173586004,0.01854802102612574,0.0023857252169490195,-0.0019777961835401037
2024-01-15,0.0021662200868606263,0.01199042649457116,-0.02549847387983384,-0.01949084115985711
2024-01-22,0.011830977515074892,0.010269848171062357,-0.0033001314525566983,0.013285037429442426
2024-01-29,0.008324514538735173,0.014138115166514531,0.0241254886002773,-0.013285037429442426
2024-02-05,0.012167855729920518,0.013761466687832957,-0.023379342471230302,0.024920302133935035
2024-02-12,0.0017126578996560227,-0.003377609918882918,-0.011682211356836447,0.01125805032035565
2024-02-19,0.014908694788743126,0.016558502945214215,0.011895340191340864,0.011854539857952595
