Date,ACWI,TLT,VWO
2020-01-03,-0.00865483551868973,0.015282959176324162,-0.017950566392302747
2020-01-06,0.002265010544927115,-0.0056946868245963955,-0.001790551743119817
2020-01-07,-0.002516952631878233,-0.004927960875800608,-0.0004481393339563766
2020-01-08,0.004902270997414249,-0.006632834589807679,0.004472296497512573
2020-01-09,0.005626735155671803,0.003504133500726425,0.005118505555092412
2020-01-10,-0.002246915342719369,0.008851550243563544,0.0048716044407681736
2020-01-13,0.007470230279359669,-0.003038403254433497,0.013602643546702708
2020-01-14,-0.0008686442477801037,0.005130934147851818,-0.004586643077939101
2020-01-15,-0.0006209630849678405,0.006609681389696753,-0.006368769006940056
2020-01-16,0.007302419370899038,-0.0031556160565653357,0.005054390421385335
2020-01-17,0.0027093763984247232,-0.008584999480983235,0.006336761494568854
2020-01-21,-0.005426019123182968,0.010450899975213979,-0.025144672459839423
2020-01-22,0.0007416262078132618,0.0035071823463406204,0.006012721680757949
2020-01-23,0.00012358233240838956,0.006977569751799528,-0.00914470158456604
2020-01-24,-0.008312259287921009,0.008056006910165614,-0.00764736396754806
2020-01-27,-0.018736768275288362,0.015434824647441836,-0.03422085384424145
2020-01-28,0.009349378085687476,-0.007862205300432912,0.008376052092470498
2020-01-29,-0.00012569335252266,0.009731717917080829,0.004623234353231087
2020-01-30,0.0,0.00013837084135737143,-0.013700438266031956
2020-01-31,-0.017764729344629693,0.009088413458385958,-0.017929287714424813
2020-02-03,0.006762370641367532,-0.002470496906980202,0.007115851962503417
2020-02-04,0.017021132076937562,-0.013558532887013364,0.023590917898293373
2020-02-05,0.00945636194825461,-0.01099494492579911,0.00552491450307846
2020-02-06,0.001979508978498856,0.004496595897466982,-0.00045925275751157457
2020-02-07,-0.006572116230177727,0.012400875529015032,-0.013643410639973652
2020-02-10,0.004964040172727557,0.002765743053677383,0.006266713128983081
2020-02-11,0.005062721920823243,-0.005053108093964198,0.012645282338512143
2020-02-12,0.006629055656856231,-0.00507887816083219,0.012713028400859638
2020-02-13,-0.004537413359326337,0.0038289097187975685,-0.010658933156406203
2020-02-14,0.0009828235380195949,0.004367912654928752,-0.0020540952444534355
2020-02-18,-0.0039370090790544765,0.006825427213723145,-0.0034329253745335464
2020-02-19,0.004182517280153064,-6.867425095169466e-05,0.008219238431505183
2020-02-20,-0.005786427096859725,0.007802910237231231,-0.01373644469713975
2020-02-21,-0.007809116342476052,0.009297309391760322,-0.0036951506983440296
2020-02-24,-0.034949140016165,0.014818111249073063,-0.03580223222201484
2020-02-25,-0.025978849883240507,0.0053103546209909425,-0.007945192445939941
2020-02-26,0.0009253711335279746,-0.0053103546209909425,0.006265132209501978
2020-02-27,-0.0356436298591456,0.010790194097431538,-0.024314350575760812
2020-02-28,-0.010599543634320696,0.022332336349601967,-0.002711045610756635
2020-03-02,0.03253978914303435,-0.008860171896712288,0.019066790816166357
2020-03-03,-0.024133475051916875,0.015406237336348383,-0.004854397117695974
2020-03-04,0.04021247493279212,-0.010675366090398875,0.014013320390806605
2020-03-05,-0.031060055984010404,0.024586992062834767,-0.01938043274347523
2020-03-06,-0.01797396978413701,0.050734847977946806,-0.019015277024608146
2020-03-09,-0.07830213609327252,0.026742344061615242,-0.07746981585556068
2020-03-10,0.044939865670372114,-0.05261848277807424,0.049149366899809976
2020-03-11,-0.05305778324913657,-0.03749182743430346,-0.04431193984752424
2020-03-12,-0.10343362398217071,0.006177781164081075,-0.10595646551830962
2020-03-13,0.06919364122185367,-0.0228625263000497,0.06770049732050376
2020-03-16,-0.11895517619259799,0.06275458707782633,-0.12884685894212744
2020-03-17,0.060583212299562206,-0.0690103530779771,0.060848304635948036
2020-03-18,-0.06199169549243333,-0.05806621757378938,-0.08489948841697226
2020-03-19,0.006322476611287264,0.02686142165841421,0.005502524937948117
2020-03-20,-0.03220055049626325,0.07250253842913246,0.004508906065225027
2020-03-23,-0.017877154569677423,0.04038287987729916,-0.02143640886753806
2020-03-24,0.07821455875837646,-0.01878986479912559,0.06112666382606369
2020-03-25,0.027035490987234567,-0.0022738395382981835,0.032211765912814716
2020-03-26,0.05134299923854435,0.004909811490846572,0.03957726833048447
2020-03-27,-0.029709909047245908,0.026342755121475214,-0.05555345716094129
2020-03-30,0.02180972586978136,-0.008262963044775695,0.014479877357362891
2020-03-31,-0.007483534939660252,-0.008150040999287178,0.004780405001228338
2020-04-01,-0.0469538919548107,0.01246961791372403,-0.03611372962573167
2020-04-02,0.01990116659322272,0.006325812222303995,0.028934582381589635
2020-04-03,-0.015055290127222953,0.0023766730690093496,-0.0194005238671755
2020-04-06,0.05984963317704928,-0.002614705819335761,0.048104888553800684
2020-04-07,0.00109846533603708,-0.010527639423279389,0.005817374399481157
2020-04-08,0.02386607485960912,-0.007302646992527251,0.01153419714406434
2020-04-09,0.014443381849524428,0.001815560022050633,-0.001721704087687126
2020-04-13,-0.008032153122962349,-0.009171835105606263,0.003726564933613119
2020-04-14,0.02539011744788411,-0.0002441629743170637,0.019830699152682207
2020-04-15,-0.025237935844209858,0.0261444713554706,-0.022409132061430803
2020-04-16,0.0042507847158610446,0.011292896340706626,0.0057208610623002976
2020-04-17,0.026903362629214556,-0.013495314731142294,0.016127090932893218
2020-04-20,-0.01470720833064032,0.008012661788641573,-0.007324036576668469
2020-04-21,-0.03115995099517921,0.012512953060906717,-0.028098166322812812
2020-04-22,0.023196588697943277,-0.010269139734216282,0.025550389841923593
2020-04-23,-0.0010565195110876502,0.005294495376082509,-0.003976131148349715
2020-04-24,0.010216439389382437,0.0023440815815138905,-0.0014238714462155855
2020-04-27,0.016161614176056105,-0.018789283485178387,0.018634075196420685
2020-04-28,0.00014710105751358782,0.011445596709223516,0.0025143232241875424
2020-04-29,0.026126348313677106,-0.0052024333482139085,0.026704992334277478
2020-04-30,-0.015593758050351347,-0.011745558486239815,-0.017539589358050556
2020-05-01,-0.026691807912839316,0.007230551960712539,-0.03402547074094997
2020-05-04,0.0032825095096900014,-0.00471483840014475,0.012507338644170751
2020-05-05,0.006976963440461503,-0.006421671425561826,0.004509586021033574
2020-05-06,-0.005339683706563569,-0.016267385587711125,-0.002534146064068654
2020-05-07,0.013149327701553304,0.016568400262956473,0.006463406955829587
2020-05-08,0.016449965346180484,-0.013086359623944332,0.022161550431999633
2020-05-11,0.0010101695471957939,-0.007836447645233058,-0.004943715257770265
2020-05-12,-0.01701980311592166,0.010211959044177377,-0.0030332468369524967
2020-05-13,-0.013292198176280579,0.006972104737434925,-0.003042475423002511
2020-05-14,0.006224981734157531,0.009739721671909507,0.003042475423002511
2020-05-15,0.0008860960468268786,-0.002575964688880994,-0.01250539512540172
2020-05-18,0.03338970463525026,-0.022198895280643782,0.03705658815127588
2020-05-19,-0.010188781124032431,0.003734206523533956,-0.010020366047621465
2020-05-20,0.01659308611523258,0.0029894792894902267,0.012442656316249856
2020-05-21,-0.008834413606094493,0.002494623743686475,-0.010267614271609826
2020-05-22,-0.001145665726872025,0.0059980519185725,-0.01919446853912854
2020-05-26,0.01859656920079278,-0.01350057715149422,0.02190666106196515
2020-05-27,0.012439875459052452,-0.0018384798118509238,0.0010828619632690106
2020-05-28,0.0008331739944189565,-0.0036871308242005796,-0.006514623006883102
2020-05-29,0.002356667950233593,0.00711618058041541,0.01727903070183645
2020-06-01,0.012658371624383769,-0.008040044404136637,0.022496607800721158
2020-06-02,0.010878582150975369,-0.0036422939650169184,0.023025190467887313
2020-06-03,0.016232149976192822,-0.01338630445070077,0.019250902130747427
2020-06-04,-0.0054707410282466284,-0.014584958091459654,-0.012623242406078816
2020-06-05,0.022621496981541256,-0.007148783430537264,0.02285669853977268
2020-06-08,0.011574346371648225,0.00383611549941687,0.007914948379330156
2020-06-09,-0.00883113110516387,0.0112945281259611,-0.005434826203349008
2020-06-10,-0.0027432152664843557,0.01471852475671831,0.004941961289446795
2020-06-11,-0.05788958608813921,0.018724423213293484,-0.05237062840241391
2020-06-12,0.014311526601654023,-0.009687989149981924,0.022599859040532078
2020-06-15,-0.0016409513435950984,0.0005543523947064699,-0.004071248441565256
2020-06-16,0.016423838424057813,-0.015452264049364395,0.0038172259327589053
2020-06-17,-0.0005386603474102358,0.004119107613434814,0.00910248047917861
2020-06-18,-0.0012129705410748315,0.010532263830318911,0.0002517210552319682
2020-06-19,-0.005680271630565059,0.0008008926056106702,0.0017598921484820451
2020-06-22,0.00998655858278319,0.0001231790166142943,0.006509745523629817
2020-06-23,0.0046888487267686685,-0.006858020684131105,0.009933072018947886
2020-06-24,-0.02380423689052069,0.010668221413038914,-0.015187658953903949
2020-06-25,0.010619552648718056,0.0028787648733432647,0.004255812412743865
2020-06-26,-0.01955607862403408,0.010646488394487896,-0.012063467586616472
2020-06-29,0.011397228663407866,-0.003151734709049059,0.006552496585198853
2020-06-30,0.006532458721492773,-0.004868281263323837,-0.005036544465504722
2020-07-01,0.007432907121887489,-0.00311590000745543,0.01329170111976996
2020-07-02,0.009247569234469566,0.0010397124682119951,0.023391458446200275
2020-07-06,0.019028090428090394,-0.004104003678948587,0.043107074893420805
2020-07-07,-0.011717590038681891,0.01395816103965064,-0.01597779016915757
2020-07-08,0.010276753996728338,-0.004002938645450982,0.026412596694412205
2020-07-09,-0.00617977403957326,0.015796753825859433,0.0006918619935265546
2020-07-10,0.008013187184486625,-0.005037469950281093,-0.00693963522924701
2020-07-13,-0.00880481617250961,0.0033012427008758394,-0.004886639097106293
2020-07-14,0.012331191509810324,0.0014370675190216176,0.00046642860349122017
2020-07-15,0.009859993682277413,-0.004678223606172871,0.0009322050469902088
2020-07-16,-0.0060861467241482,0.004738117491755567,-0.01431110900625665
2020-07-17,0.0035008693449229966,-0.002096410576891472,0.004479522547756076
2020-07-20,0.008762946346713818,0.002455333512542346,0.014015700030395095
2020-07-21,0.003074533033571747,0.0005978883579436101,0.007395450656526137
2020-07-22,0.003192646847324454,0.0029843642780100765,-0.0034598472401334845
2020-07-23,-0.010381349789896355,0.011613608950711729,-0.006723036782059211
2020-07-24,-0.005943925826970009,-5.887953505023802e-05,-0.002562027879430495
2020-07-27,0.011083925553163176,-0.0037184925329629692,0.013895510052915228
2020-07-28,-0.006816292843894622,0.006894739420360452,-0.010868443954257234
2020-07-29,0.0118026487394145,-0.001704489685844024,0.017516053890584526
2020-07-30,-0.0065255444830869536,0.0065669840055830875,-0.0117202799357905
2020-07-31,-0.0029569136076084135,-0.0006430716082315158,-0.005795773954794026
2020-08-03,0.0105021420653717,-0.00615929831733375,0.0076433918583220795
2020-08-04,0.0052100462691040406,0.009487131099398027,0.011242556578074492
2020-08-05,0.0068208032783916295,-0.008781229214497088,0.010214524065609965
2020-08-06,0.003518460187352801,0.005570373639811166,0.0013541273568651313
2020-08-07,-0.004526039989436903,-0.006688199522253413,-0.0205065636173134
2020-08-10,0.002516952631878233,-0.004483840937739458,-0.00023019043859306976
2020-08-11,-0.003525548675050061,-0.011956211382360138,-0.0036908887575410887
2020-08-12,0.015643896024720938,-0.009137450328815078,0.01217423514765903
2020-08-13,-0.002113223107138573,-0.01074652274247434,-0.0038887883469622686
2020-08-14,-0.002242436521455282,-0.003914467680035116,0.0013741999139984529
2020-08-17,0.007207708875732521,0.002509434103818542,0.010700186982770532
2020-08-18,0.0011137472539273219,0.0071265610073014685,0.003616637039795201
2020-08-19,-0.005456975047137824,-0.006271132670631729,-0.011573902380967116
2020-08-20,0.000994334462304458,0.008998729024032315,-0.002742921641598617
2020-08-21,0.001613865191944619,0.005974431478505515,0.006388399424172686
2020-08-24,0.010610840800818089,-0.001625895525105392,0.009957054913220187
2020-08-25,0.003919648358169603,-0.007683204423570622,0.009189795695740965
2020-08-26,0.00815732473079489,-0.0038334336282668247,0.0008920811338977153
2020-08-27,-0.003036009330525502,-0.01715535816523328,-0.005812717884272622
2020-08-28,0.007633129138681305,-0.0007445736523994384,0.01203493305460146
2020-08-31,-0.0060532873607463955,0.006619103887540945,-0.02127026980240343
2020-09-01,0.008584770714864298,0.010243905886151872,0.019940241723785057
2020-09-02,0.011372655995721459,0.009475274756130858,-0.002665544567186817
2020-09-03,-0.030946567224857446,0.0028372312302940017,-0.017727401068561743
2020-09-04,-0.004923011745721517,-0.019171045402184284,-0.0018127813230468526
2020-09-08,-0.023721480229125014,0.006125968473645216,-0.01877343801464182
2020-09-09,0.01939373185448101,-0.0026908188319252346,0.012858991390972463
2020-09-10,-0.014855710678984835,0.005069807829043427,-0.015172789054599622
2020-09-11,0.003640715917505588,0.002130129797726532,0.007385298051457045
2020-09-14,0.01220585232547311,-6.076611601635307e-05,0.01641992192568642
2020-09-15,0.006662589983554845,-0.0024349795076119563,0.011246182639325308
2020-09-16,-0.0027090427007854245,-0.0029910321671442475,-0.0035850329775204415
2020-09-17,-0.005440107459560473,0.0030519464231870685,-0.0017973048187123197
2020-09-18,-0.00946696297743621,-0.0031130468759421603,-0.00790166179666052
2020-09-21,-0.013862836277863444,0.005061367448363718,-0.018067892165804622
2020-09-22,0.004684380463480409,-0.0007910039341911812,-0.008808611816478518
2020-09-23,-0.018742197957765327,0.0013383699173115104,-0.01572253406354207
2020-09-24,0.0005146798474706671,0.003822641242709146,-0.0028422315163059153
2020-09-25,0.010874520335522497,0.0,-0.00023717996482552905
2020-09-28,0.015780167854671845,-0.002850480969164515,0.009915052022237969
2020-09-29,-0.0035131628356861455,0.0011533125017351153,-0.0004699355823007956
2020-09-30,0.004514688129785505,-0.009631295877984947,0.01608619449950144
2020-10-01,0.007479447651705939,0.0006123697761051261,0.008749704698196581
2020-10-02,-0.007604511866614594,-0.003741077063912357,-0.011065109473807677
2020-10-05,0.01638363117484598,-0.01973253776662176,0.012897492747261374
2020-10-06,-0.010768130847190527,0.005374921387253373,0.002970436646891894
2020-10-07,0.013595543439335778,-0.007319612371812667,0.00931083894710083
2020-10-08,0.008069534615404272,0.005385451292167609,0.0074315849572470505
2020-10-09,0.008487948835923298,-0.0001873694149789884,0.0069313049024470885
2020-10-12,0.011644105119033021,0.003180705302430198,0.009756144412206513
2020-10-13,-0.006705779460427053,0.007135093863893438,-0.004422845908969908
2020-10-14,-0.0048175633748694935,0.002284838260589339,-0.004442494409365505
2020-10-15,-0.005204881282976359,-0.0017286014100719171,-0.008046462669724086
2020-10-16,0.0006065565587975996,-0.002784377965639351,0.0040313671400573625
2020-10-19,-0.009872681526660543,-0.0037868289584555015,-0.003134168764517664
2020-10-20,0.0047656886679687815,-0.009561668855160299,0.010039142305467319
2020-10-21,-0.0024410722178638267,-0.003459686149636987,0.001995790749134141
2020-10-22,0.0031722148336514877,-0.010451362886220394,0.0002215557906737331
2020-10-23,0.0042546238873315545,0.006094041982331433,0.004640359216457224
2020-10-26,-0.01700449980213392,0.009260208324459285,-0.013092390397558606
2020-10-27,-0.0033368908106501394,0.006686943820462865,0.003567447396658263
2020-10-28,-0.03245978649758552,0.0009338142093948676,-0.025243596701992388
2020-10-29,0.007897159368822848,-0.009754939638987103,0.010445123911991594
2020-10-30,-0.008664686079127293,-0.009914463657805683,-0.010445123911991594
2020-11-02,0.010945770651097142,0.00638935893455006,0.012701408145576742
2020-11-03,0.018187983037774025,-0.005818370531167183,0.002700941226879916
2020-11-04,0.020911027552783068,0.02146030849096192,0.03163622959164325
2020-11-05,0.02012477579850014,0.0017367500778862066,0.016843468875458623
2020-11-06,0.0013114828747324836,-0.012158374810050887,0.0036336081338408377
2020-11-09,0.014431303297778975,-0.021238989573858724,0.007439768363041388
2020-11-10,-0.0008224131749896557,-0.005783666870676996,-0.01128757793887969
2020-11-11,0.008310448402998993,0.0036026644074302894,0.004274440514939748
2020-11-12,-0.01089961328996747,0.016874506090612584,-0.007492242538843286
2020-11-13,0.013344449286875282,-0.0013268346551367216,0.012597586052826237
2020-11-16,0.012250211827843138,-0.0024055520866195224,0.011602265558783298
2020-11-17,-0.002415032963366315,0.006506853819226777,-0.0014691931313470796
2020-11-18,-0.008440770729323255,0.002892398339532143,-0.003366294891501198
2020-11-19,0.005096082504724819,0.005135232125725864,0.0025257628941459664
2020-11-20,-0.0024289999715598753,0.00883089202444065,0.006913232243487499
2020-11-23,0.0036989950976860086,-0.004592227489269796,-0.00020883466272492157
2020-11-24,0.014774373258597429,-0.010001996811862313,0.013275436653893191
2020-11-25,-0.0010236745130232094,-0.003083252449030738,-0.004543531270591039
2020-11-27,0.0061266460745166285,0.009658328916924752,0.009271663197087499
2020-11-30,-0.01229105944688591,-0.001249044284367784,-0.024918169492546216
2020-12-01,0.01409912898318666,-0.015873375855833594,0.0206020783253269
2020-12-02,0.0020302319796217105,-0.00796816964917646,-0.00041204075927714356
2020-12-03,0.0016887313283255878,0.008031624822113947,0.00984218641047363
2020-12-04,0.008735622482994643,-0.014774325352894913,0.006710789519770444
2020-12-07,-0.0023443949636261507,0.008980234446167579,0.0
2020-12-08,0.003458832553962843,0.0047142230940657726,0.0028334240790073295
2020-12-09,-0.007041858332172524,-0.003310348118567674,-0.011791110587904718
2020-12-10,0.0026884508467892587,0.008824609390003069,0.013406656785713178
2020-12-11,-0.002576262680674901,0.003533334101770258,-0.006680899998967149
2020-12-14,-0.010712224699400252,-0.0027751669210269725,-0.0036630140145885726
2020-12-15,0.012617073319669103,-0.0033530463269650923,0.009334465014708915
2020-12-16,0.0024597643741417485,-0.0026651336187173413,0.00543863694572666
2020-12-17,0.007121420661671429,-0.003692166753411108,0.008003274602411459
2020-12-18,-0.0045563634900238625,-0.0030019580770623833,-0.0029937459192073135
2020-12-21,-0.006369089094098612,0.0039580945418355995,-0.0195787342782765
2020-12-22,-0.001682858182578073,0.005147592190750672,-0.007365021067762267
2020-12-23,0.004704901657444083,-0.006933185316511548,0.010214593250509996
2020-12-24,0.0012284915952180953,0.003949521849848203,-0.005707365615763127
2020-12-28,0.006564010643844043,0.0004449853915904356,0.0020421140488720013
2020-12-29,0.0019940219774561285,-0.0012717599674507696,0.010753857940360767
2020-12-30,0.0033145875521167767,0.0021610402736387258,0.013829310190283994
2020-12-31,0.0006615675285797096,0.0014592251465144201,-0.0025909544170472643
2021-01-04,-0.005526707924620844,-0.0012053317539297836,0.004579391586447823
2021-01-05,0.0102553723544343,-0.007454389028872299,0.022975938253916528
2021-01-06,0.005579601169189097,-0.020741812109955404,-0.009558209306327559
2021-01-07,0.010419011672746947,-0.008853427656807078,0.007809444542061783
2021-01-08,0.008814414501066459,-0.003232874695624055,0.02002379075884786
2021-01-11,-0.008814414501066459,-0.0016534941290959893,-0.011696051739994218
2021-01-12,0.0035565506282866366,-0.0007947181020808713,0.010933257717979927
2021-01-13,0.0006453558869257137,0.011199043261324704,0.0032378275379145727
2021-01-14,0.001504076206350291,-0.009411940994671575,0.009839255423808257
2021-01-15,-0.01057643528896346,0.0039599186289107635,-0.011552076328944949
2021-01-19,0.009287330519346604,0.0032222447668202037,0.017933482147366675
2021-01-20,0.012392036095881132,0.0009844089988151339,0.017249807101072268
2021-01-21,0.00021227858789352183,-0.007043026004899033,0.0001838433670915407
2021-01-22,-0.004681383710755327,0.0032314829206114837,-0.007196255648834082
2021-01-25,0.003300563981178506,0.011716666638993622,0.004987549945969505
2021-01-26,-0.003087253330749995,-0.0018888999802886275,-0.0062846815023696045
2021-01-27,-0.02493784443190794,0.002539473140897641,-0.02573151470345625
2021-01-28,0.008381877070236854,-0.005543110458077649,0.004745192418797561
2021-01-29,-0.01981560851610542,-0.006034376007996833,-0.021629727343765115
2021-02-01,0.016884524203589102,0.0,0.02503238280038067
2021-02-02,0.012639914820356424,-0.0064682141803009685,0.015541891448624057
2021-02-03,0.0017161436529882224,-0.008912673632656798,0.003709217209980853
2021-02-04,0.006835436295222763,-0.002675904111557159,0.001479800809213394
2021-02-05,0.005731292809841193,-0.008408781242683183,0.007366544021548904
2021-02-08,0.007485923554511054,0.004381348488344372,0.005124439881996512
2021-02-09,0.0019938350175916497,0.0007395745490743622,0.011073919474652527
2021-02-10,0.00020968838799007017,0.006631671954750118,0.0021640934390250166
2021-02-11,0.004913947773524718,-0.005489684070879797,0.010394391775784939
2021-02-12,0.004786182269582717,-0.012497248189299981,0.0017812344433174587
2021-02-16,0.0018666427874336478,-0.01534385556229445,0.0028434327232131906
2021-02-17,-0.0019703901994843065,0.006330429216325761,0.0024814476426175958
2021-02-18,-0.006979539242971455,-0.004055102692018586,-0.013006924699165978
2021-02-19,0.0017755309282865284,-0.013381089646755662,0.005365833882809312
2021-02-22,-0.010384584879342462,-0.007637182738695181,-0.028772456427307525
2021-02-23,0.0007378901438235275,-0.00288775272152364,0.0056750277450534625
2021-02-24,0.0056734054719633775,-0.006581587981166592,-0.006409663498329277
2021-02-25,-0.022353816911852675,-0.016465424152060315,-0.021917673463331067
2021-02-26,-0.008931931412471172,0.03252436095067157,-0.01437509734843978
2021-03-01,0.02276344334582525,-0.014498090611090753,0.027064207766779536
2021-03-02,-0.006466345914013516,7.095853298810795e-05,-0.00950174160263595
2021-03-03,-0.011014374153669237,-0.010905022608642234,-0.0007490094192084129
2021-03-04,-0.014404341153987588,-0.0064706093918749374,-0.021779130302204575
2021-03-05,0.01397413125571667,0.0019456267675472816,0.007059057050733397
2021-03-08,-0.00886013037139044,-0.007805212781252457,-0.026390801718909174
2021-03-09,0.0168957444823441,0.01376253744296907,0.021435611001670907
2021-03-10,0.004471879014585234,0.002001707628076055,-0.0017210091724000343
2021-03-11,0.012877539662978776,-0.007239466589592958,0.029605248783534766
2021-03-12,-0.0018895691990818975,-0.021449886499363302,-0.017809089583768145
2021-03-15,0.005344546547446427,0.00586256301071586,-0.000567567502828048
2021-03-16,-0.00010454284106931055,-0.004026824311969435,0.004343308547505753
2021-03-17,0.0029224400972012177,-0.007511112682538901,0.0007534548371581629
2021-03-18,-0.01353562748291992,-0.010177979921106584,-0.015560080217833505
2021-03-19,0.0007392121592211254,0.006178616720691643,0.00989542701452617
2021-03-22,0.005054193357425518,0.011143575242573256,-0.003414273062730011
2021-03-23,-0.011408192301201936,0.00898644211065136,-0.016475479904418222
2021-03-24,-0.008320922738576542,0.0053677064255861495,-0.023650062755855572
2021-03-25,0.004489085989931141,-0.007916636162272006,0.0015809887829529856
2021-03-26,0.016499636081146463,-0.0035061812557843908,0.024577053789041958
2021-03-29,-0.0023104528014084025,-0.008524475830105516,-0.005603355585344527
2021-03-30,-0.0015783822513935064,0.005226221430053357,0.004060705257951103
2021-03-31,0.0019988691184975593,-0.005595315749216567,0.00442861115834603
2021-04-01,0.012947845685051362,0.015094055786881277,0.008989277747423419
2021-04-05,0.011039572557709931,-0.004372799393512317,0.0020922615099028263
2021-04-06,-0.0011293118774275968,0.006769763257884698,0.004738896081796007
2021-04-07,-0.0016448655087435426,-0.006988900395695552,-0.014668335108405373
2021-04-08,0.006154481051050098,0.008221441241144767,0.010309386927663589
2021-04-09,0.0044893701746362424,-0.003629504709821596,-0.008583758057248758
2021-04-12,-0.002752479122960949,-0.0004364093788948864,-0.006534717624556485
2021-04-13,0.004684794095297207,0.007465687606825533,0.0001927758914157529
2021-04-14,-0.0006097932800592787,-0.00318243042271682,0.005383642935053334
2021-04-15,0.009410646712969317,0.016595896703023527,0.00878201663794842
2021-04-16,0.003920187834453692,-0.007796696226693989,0.0032260806028876488
2021-04-19,-0.004121681315261583,-0.0028764143484441007,-0.0020863092164034036
2021-04-20,-0.010735342937892689,0.004598365540847027,-0.007623397248130992
2021-04-21,0.008819589254183136,0.00200514805453178,0.007813281185585108
2021-04-22,-0.006074107138063667,0.004354510320364824,-0.0017098921653757593
2021-04-23,0.010806545202069806,-0.002353374840090794,0.013597966092431246
2021-04-26,0.002107261619745948,-0.0014289581564872478,0.0013122073908840015
2021-04-27,-0.00040105188881423004,-0.008761285634808047,0.001497529599277847
2021-04-28,0.001603167016089202,0.0006489262907525273,0.008011227034219193
2021-04-29,0.0024000560837205143,-0.002959672969385707,-0.0022292212845749226
2021-04-30,-0.009332266625140306,0.00231074667863318,-0.014801224131339552
2021-05-03,0.003924132230478605,-0.0008658906270699873,-0.00037758086200767593
2021-05-04,-0.009484506933390868,0.006763119556887354,-0.012349310706150973
2021-05-05,0.003642997466168474,0.0016478292820272245,0.003816012049605799
2021-05-06,0.007146113524211017,0.0016451184071311076,0.009854172444873743
2021-05-07,0.0089856987116681,-0.004943606389065991,0.008823885772027307
2021-05-10,-0.009888687154743003,-0.010178672162413527,-0.018868484304382704
2021-05-11,-0.008265339573667596,-0.0056757340485891206,-0.002670216899050004
2021-05-12,-0.020863927822612816,-0.010563384506366624,-0.02592523101262323
2021-05-13,0.008028851848634666,0.0015474116218747724,-0.0011767283876045198
2021-05-14,0.015665063433646154,0.009307878224625199,0.016349141238575893
2021-05-17,-0.0015150906818304222,-0.0021178563441832665,0.0005790329928241356
2021-05-18,-0.0027328994958226716,-0.0025618785757171025,0.014366686596201106
2021-05-19,-0.004673448640616584,-0.002421588615836079,-0.0026662214182557875
2021-05-20,0.011441474377862804,0.008194932319728565,0.003616686952840009
2021-05-21,-0.001108039485422374,0.003201184626571596,-0.010697358346553276
2021-05-24,0.00783056681219474,0.003697626281200961,0.009366438990485726
2021-05-25,0.0,0.009220739879012285,0.010409845622104896
2021-05-26,0.0023971032885627963,-0.0017224454260684752,0.007316407975437755
2021-05-27,0.0010967707601228227,-0.004030504583623085,0.0018673857069049227
2021-05-28,0.0029851072092705877,-0.0015878835227916,0.005210331757262487
2021-06-01,0.0032733434282699037,-0.0016627202090413462,0.0207555850092076
2021-06-02,0.0010886622654195932,0.002312583664732415,0.00236043815118947
2021-06-03,-0.005256632935850547,-0.003760793360660486,-0.011307779301941157
2021-06-04,0.009205710408160428,0.013601731546436291,0.008947341150751686
2021-06-07,0.0002955399273627535,-0.003078304920686392,-0.004007244115259212
2021-06-08,-0.0004925900182310983,0.0070019986987786,-0.004206673554580487
2021-06-09,-0.0025656431661884582,0.008790057984929156,-0.0007334234809119877
2021-06-10,-0.002176076269416072,0.005981025165334941,0.006945761084687252
2021-06-11,0.0018796309943827083,-0.0016148554320691844,-0.004381198600931668
2021-06-14,0.0025664028764484925,-0.007688792807836187,0.004016825172031169
2021-06-15,-0.0019736001801389236,-0.0012045076481772554,-0.006764862596087884
2021-06-16,-0.006441101836316854,-0.0008511978512020235,-0.01366844094933084
2021-06-17,-0.001890590284324034,0.014861003255409067,0.005748766258015792
2021-06-18,-0.013335554551092699,0.018631300739744283,-0.007796623439095818
2021-06-21,0.011740621372121396,-0.01688506335454587,-0.00037279511905907725
2021-06-22,0.00408187796939341,0.0024396632352958747,-0.00429705554005011
2021-06-23,-0.0018895380375010262,-0.002579173382382116,0.005787402883712378
2021-06-24,0.007042622910461205,0.001604043473351524,0.007418389188057706
2021-06-25,0.004044431279830896,-0.01043759622428464,0.008097255138963089
2021-06-28,-0.00029536532067009347,0.01022852364332838,0.0023798135427255396
2021-06-29,0.0003937509773521697,0.0016714641855974932,-0.0007316097047427306
2021-06-30,-0.003945107186900998,0.0044435215873805944,-0.006240845210571333
2021-07-01,0.004141999635975502,-0.0012478022685495915,-0.005354040494471413
2021-07-02,0.00461487602933186,0.0060163740336838245,-0.0011113424656592485
2021-07-06,-0.004221282448465757,0.011652830563689598,-0.01813976619294566
2021-07-07,0.002161962478150592,0.008820111445722034,0.0009431149588490229
2021-07-08,-0.011055316736819698,0.003910217708735786,-0.019225911297993115
2021-07-09,0.013114636707134864,-0.014162502555784329,0.018094023362925427
2021-07-12,0.0029345166681791213,-0.001297520887975523,0.0005660681328909511
2021-07-13,-0.003424478479051807,-0.0076828140732301264,0.0005658198021767369
2021-07-14,0.0013711989586298046,0.011297966161968098,0.004889953719057427
2021-07-15,-0.004217556284023871,0.010969844381507166,0.0009376322887324484
2021-07-16,-0.007597063291670203,-0.001887420632951553,-0.006770700966638898
2021-07-19,-0.015268983351983678,0.021691375744820718,-0.014829218292849333
2021-07-20,0.011001195616522352,-0.009686313917078415,0.0007658609579386244
2021-07-21,0.010487852755359128,-0.012747531610378893,0.008575579179425308
2021-07-22,0.001671812092458147,0.009408630344864832,0.0015168379226939699
2021-07-23,0.006269067628293712,-0.006711434587987064,-0.01565813376448988
2021-07-26,-0.0005861026477829157,-0.002967377717105535,-0.01923692588115644
2021-07-27,-0.006764349156991756,0.010614824875497142,-0.021817650161354063
2021-07-28,0.004612536655142385,6.67881122913272e-05,0.027881190667711664
2021-07-29,0.005468280287723282,-0.005561622329038229,0.003504000254798356
2021-07-30,-0.005664095439891881,0.004692620537419145,-0.006824604340440743
2021-08-02,0.0004895780262463845,0.007661810938629721,0.00798990595915372
2021-08-03,0.007120202884554949,0.0005308329468469708,0.0025201344270544546
2021-08-04,-0.0020430914805960043,0.002054257116175684,0.0025137256402745223
2021-08-05,0.004276026290701118,-0.005110376450216059,-0.003094777150011385
2021-08-06,-0.0016499814350545705,-0.016842043173025623,-0.006803378874481236
2021-08-09,0.00048558439894463845,-0.0035928505685332013,0.003504682384714908
2021-08-10,0.0012613134661103587,-0.004628642521697479,0.0036860770502715745
2021-08-11,0.0030980729959715347,-0.0006143088112811057,0.0036726133706150854
2021-08-12,0.0004832380137056447,-0.0016397259302136646,-0.00658152087373276
2021-08-13,0.0025089478909539054,0.01567247718375331,-0.0019440575286839845
2021-08-16,-0.0013501727034430644,0.00242049874262662,-0.00801019915859369
2021-08-17,-0.009307795088564497,-0.0004029927286266499,-0.018211076532161474
2021-08-18,-0.006842022275734827,0.003353457063056453,0.0011977952801807135
2021-08-19,-0.005310278215939768,0.007338197262541257,-0.015482373756751322
2021-08-20,0.005898547277422672,0.0006644924066145919,0.0
2021-08-23,0.01004549736069027,-0.0006644924066145919,0.014284578476570609
2021-08-24,0.004550461373907133,-0.00780705387009295,0.02212652325790776
2021-08-25,0.0012550552785288716,-0.008341266755517829,0.0009764523212134613
2021-08-26,-0.0063879782076492475,0.0027657184860458983,-0.008232076382042486
2021-08-27,0.009566729844390665,0.006780662770682788,0.012517264475206513
2021-08-30,0.00268919458942829,0.0026059910705340528,0.0029111658074061353
2021-08-31,0.0006711702010697707,-0.006830107209444769,0.012135390767605614
2021-09-01,0.004113070000689056,0.0004030468840516832,0.01198988703888526
2021-09-02,0.0027644163103630603,0.004356096506857199,-0.0039806531611708
2021-09-03,0.0022820002224248626,-0.00913616911431081,0.004548005976330316
2021-09-07,-0.0015208031017994728,-0.008471468521160652,0.00828478540906108
2021-09-08,-0.005340952770050755,0.006782906353262064,-0.014924257264198104
2021-09-09,-0.002681211780320325,0.012027751796707342,0.0013314256614189723
2021-09-10,-0.005866253364386509,-0.008855601585000983,-0.001521815616491562
2021-09-13,0.0036583968532291067,0.0060464353811173766,0.003231058296685241
2021-09-14,-0.005975874334882114,0.01205032747920498,-0.009341440137363932
2021-09-15,0.005975874334882114,-0.003513535882801122,-0.0003831505449585215
2021-09-16,-0.0025979966024758383,-0.0045928289114804954,-0.010400654233706508
2021-09-17,-0.009973442767932994,-0.004815104779622104,-0.0038797479995031914
2021-09-20,-0.01777087850176695,0.012325723775089337,-0.03682127353078224
2021-09-21,0.0023746473401633494,-0.0008612161854255618,0.008033815423498236
2021-09-22,0.00914865740029569,0.005946851926928787,0.014300092751220461
2021-09-23,0.010907734889609166,-0.022856185672099016,0.0047216628902613245
2021-09-24,-0.0028129503278337964,-0.009821577425474182,-0.011052044063058375
2021-09-27,-0.0010690570427795976,-0.0036825501734307764,0.005343910981576716
2021-09-28,-0.019936813939959386,-0.015699550207062707,-0.01171462131465928
2021-09-29,-0.0016877459605231238,0.001733523343304455,-0.008020927992010929
2021-09-30,-0.00717993939531425,-0.00013849520855124808,0.006821859613328485
2021-10-01,0.00837162519346979,0.007111561932570787,0.0005997520264320322
2021-10-04,-0.01238287742596178,-0.0025488965933169183,-0.01388496893466229
2021-10-05,0.008604361605319077,-0.009703388502228627,0.009478768748508948
2021-10-06,0.0007966723436050316,0.005625583854833138,-0.003820992587553196
2021-10-07,0.010890103588876876,-0.010512816453615237,0.01935603501679628
2021-10-08,-0.0010836966069982523,-0.00702348698190125,0.0037479567011837744
2021-10-11,-0.0059317869203878715,-0.002540584279175029,-0.002760242018260861
2021-10-12,-0.0012898474141769256,0.016955482999603255,-0.0027679575710579662
2021-10-13,0.007517365954975652,0.009679236950709935,0.012982083783671161
2021-10-14,0.012826313120768873,0.0037085994202659123,0.0015622309852716398
2021-10-15,0.008138755760785266,-0.005843790256653492,0.010674516518358601
2021-10-18,0.0005788654230389767,0.0046777819474188576,-0.001352259370547504
2021-10-19,0.008450998576680746,-0.013890619254703473,0.011340826149743855
2021-10-20,0.002960112575480345,-0.00677306814016454,0.00019115405857794698
2021-10-21,0.0001907166806942584,-0.0011917571107744607,-0.008058408474982848
2021-10-22,9.534470226135738e-05,0.01095275737581236,-0.0025074961510762606
2021-10-25,0.0034255717238904637,-0.0015275743435445577,0.0036627017603700907
2021-10-26,-0.0005701022561446223,0.00823507232504106,-0.006757478910381476
2021-10-27,-0.004954718466690267,0.018030807327540366,-0.005244266939279374
2021-10-28,0.008654731170948615,-0.003390063463511339,-0.000974169354690968
2021-10-29,-0.0027499986130878895,0.003051553150459796,-0.012554095743079863
2021-11-01,0.005020126996808649,-0.008499694045079664,0.009625880667559983
2021-11-02,0.0005667818097663258,0.004428814510433199,-0.010613324943202773
2021-11-03,0.006400627032695283,-0.010387498543550144,0.0072841926828028924
2021-11-04,0.0021556381954024317,0.010455548209043819,-0.002160052130974144
2021-11-05,0.001964169271674976,0.0148450558859059,0.00039309076947935395
2021-11-08,0.001867108268613471,-0.0018771711896174992,0.010360737620771499
2021-11-09,-0.002521402790444327,0.012934391738804507,-0.002336428923356948
2021-11-10,-0.009110978254202706,-0.018452253264943153,-0.002732763576529962
2021-11-11,0.003297054143708067,-0.00148559164430484,0.017054697508986916
2021-11-12,0.0069353404364482785,-0.0044021194780068384,0.0007683618217466659
2021-11-15,-0.0005605153181180711,-0.012636390396759012,-0.0019220126520038683
2021-11-16,0.002053783536156928,-0.002546511041626509,-0.0003848462242594941
2021-11-17,-0.0028016739154290704,0.007893742576144724,-0.0036633344264824785
2021-11-18,0.00028050661161493906,0.0037533948363925873,-0.012048317526977659
2021-11-19,-0.0035590301854249162,0.010502539613710837,-0.0017610835201193886
2021-11-22,-0.006022974887173405,-0.011797584242439818,-0.010434243563141266
2021-11-23,-0.00028320772842249653,-0.014564664940452943,0.0009890822971496682
2021-11-24,0.0003775444774163361,0.01592788901584896,-0.0011869708996496975
2021-11-26,-0.024652444759762027,0.024954995194709007,-0.029732996246381926
2021-11-29,0.008956580115357937,-0.008070688666175663,0.001426382182460273
2021-11-30,-0.013708157473788063,0.015087780717069954,0.0016276304097471161
2021-12-01,-0.011142715394700353,0.004935357091649273,-0.0006100412952241285
2021-12-02,0.014345220309651907,0.0012464491032169178,0.011729190526136524
2021-12-03,-0.008562835715023809,0.011861500482709175,-0.013969301663016243
2021-12-06,0.010015142947106703,-0.013830283486179873,0.006502760178816125
2021-12-07,0.0214403108831549,-0.008112670190410398,0.014478459779933228
2021-12-08,0.0028369101934870855,-0.017435897910047515,0.005971340164153016
2021-12-09,-0.007963674728431513,0.005577796319051309,-0.004973650022753073
2021-12-10,0.005410803545552234,-0.0024154641919915676,0.0017933680914010708
2021-12-13,-0.019694686178936216,0.014670821691534108,-0.015448205065791143
2021-12-14,-0.00542161802053176,-0.002386007341570462,-0.002226508622852119
2021-12-15,0.012349397278099694,-0.009668333109188687,-0.003654090775376151
2021-12-16,-0.0048058531136332405,-0.0007372942495367241,0.002640421388617309
2021-12-17,-0.009876186825704458,0.011267928896843138,-0.006920446068625186
2021-12-20,-0.009483314878055538,-0.007520115880259581,-0.023768768142633956
2021-12-21,0.016174921631877837,-0.003814829523080654,0.01680009555739792
2021-12-22,0.00933193768748275,0.004616180889847499,0.005537917187036445
2021-12-23,0.006395269950794535,-0.008714964330740038,0.0059141788869543355
2021-12-27,0.010882544439974495,0.002420987055177015,0.0032480712004621104
2021-12-28,-0.0010358361552160744,-0.003970874419238157,-0.003451470009208979
2021-12-29,9.423087469695446e-05,-0.010984617937240593,-0.004280024680007877
2021-12-30,-0.0018859466134539815,0.008351175674415678,0.012785584073457645
2021-12-31,-0.0016058018127376172,0.001958922228025628,-0.0026249599952214986
2022-01-03,0.005280019540634839,-0.02660076374839715,0.007051551072970064
2022-01-04,-0.0008466658339241206,-0.0041667150805544395,-0.004023356039827952
2022-01-05,-0.016416399269735038,-0.00544275150450968,-0.015028749190145074
2022-01-06,-0.002107017268642153,0.002585481529947309,0.005713188212717046
2022-01-07,-0.00019181390686195954,-0.007214171181595397,0.005073577443589272
2022-01-10,-0.002880972119301717,0.0024573053367253905,0.0020222144925314822
2022-01-11,0.011854802664111652,0.006639413244692527,0.019208255494641335
2022-01-12,0.0060640642913929454,-0.0038385297994389944,0.015144363946363537
2022-01-13,-0.013504704988401173,0.00884132810088989,-0.012571357695637886
2022-01-14,0.0002871933270514049,-0.01522476951937346,0.0019746940722944473
2022-01-18,-0.0174773677297706,-0.014174581146928489,-0.014906368039498297
2022-01-19,-0.006057690558519013,0.006899776097065491,0.003996823204392097
2022-01-20,-0.00787098766958394,0.0061481772916582855,0.00616368136510248
2022-01-21,-0.017135319316643915,0.011836132142395428,-0.015782984914933795
2022-01-24,-0.0016089709316249312,-0.00824954291894553,-0.013379478896742292
2022-01-25,-0.010115400774723504,-0.0016158764819813598,-0.00020406819872720305
2022-01-26,-0.004994128051972524,-0.01216767426477361,-0.01046489759316005
2022-01-27,-0.00512191230295489,0.01819643841443508,-0.008909212780470188
2022-01-28,0.015894349221548865,0.0003494151224172626,0.001663585969045478
2022-01-31,0.02041092268609468,-0.005183574804227931,0.03149538674754515
2022-02-01,0.007695369216714099,-0.004716478895669063,0.0058215746773102595
2022-02-02,0.00636790318386371,0.0033812072973589125,-0.0018030687921304356
2022-02-03,-0.019326168910072994,-0.00783653723888822,-0.008457524642815795
2022-02-04,0.004470249774119139,-0.014852125196549437,0.0006064647755743557
2022-02-07,-0.001984294196331504,0.000647309335335855,0.0
2022-02-08,0.0077166861468960235,-0.006708344991622539,0.009053492351792425
2022-02-09,0.01564516576666275,0.0018799319740647746,0.014711952726367272
2022-02-10,-0.014561682689002708,-0.016020127374601678,-0.00554125277100459
2022-02-11,-0.019182621427653146,0.014719037986590244,-0.015600291964001034
2022-02-14,-0.0037199333703936688,-0.012519278646698773,-0.0074861032122344184
2022-02-15,0.017374355208727543,-0.011417774093033906,0.02249088589219772
2022-02-16,0.002274222177129026,0.005909332220488395,0.007517365954975208
2022-02-17,-0.019547835720405082,0.007410934136587777,-0.013092823896454497
2022-02-18,-0.007480805700921245,0.010472079548129898,-0.007818085377377937
2022-02-22,-0.01163515218765987,0.0026009740887413813,-0.015617404587659589
2022-02-23,-0.014268282439466873,-0.013877533996185853,-0.00924119834739967
2022-02-24,0.0041567297488365185,0.0006583404712765528,-0.020425877137385307
2022-02-25,0.02194959289428411,0.0007308204166056598,0.018360566848094173
2022-02-28,-0.007024742067553547,0.021681850333208352,-0.01143580910428943
2022-03-01,-0.017104961555871157,0.010171926406637333,-0.013685897170452765
2022-03-02,0.014240228827150148,-0.03478049209333278,0.0031749741830280342
2022-03-03,-0.010195215937938151,0.0101338626899663,-0.014045769337917235
2022-03-04,-0.014912422947837456,0.017116597897882002,-0.01903997546320646
2022-03-07,-0.031592798883847806,-0.007659085507918384,-0.03602788934637191
2022-03-08,-0.0011935183889413281,-0.010110535206742988,0.0042932758367029145
2022-03-09,0.02984020006821364,-0.009847310263668696,0.024940120333059035
2022-03-10,-0.007934450384636804,-0.014471541831419188,-0.01551451220559974
2022-03-11,-0.013903999945145351,0.003341109622590821,-0.0205355255720141
2022-03-14,-0.0064829884442723085,-0.02362587241685432,-0.02423100467004824
2022-03-15,0.01548920310080426,-0.0017470909788128708,-0.00046730041104803277
2022-03-16,0.03327515725502117,0.009759930056620014,0.07494222041682796
2022-03-17,0.010169034971561963,-0.00748165559711822,-0.00739938438150789
2022-03-18,0.010976854171872219,0.012138729246953694,0.015605024733440498
2022-03-21,-0.003544112568362401,-0.023428769702781516,-0.015605024733440498
2022-03-22,0.011999083427157942,-0.012894541750822164,0.015389983946447305
2022-03-23,-0.011289255342465943,0.021678206165076652,-0.006907074946391312
2022-03-24,0.011489739134535881,-0.007863526983965308,0.006046284824882786
2022-03-25,0.0019022124907133175,-0.01397003018753562,-0.007780471641741116
2022-03-28,0.0038931856288053623,0.008513253587521419,0.003249250620076083
2022-03-29,0.01591336335429716,0.007524112166683139,0.015237961241169717
2022-03-30,-0.005605006808757196,0.007771383978180779,-0.0012788018194864748
2022-03-31,-0.016203991536874796,0.0024257692963933764,-0.016340899360637984
2022-04-01,0.006493220244993658,0.002268798100499403,0.01889678860738675
2022-04-04,0.009612135761258855,-0.006973937668607988,0.01729278664318601
2022-04-05,-0.014403075791634024,-0.022851550859914305,-0.01771824714037873
2022-04-06,-0.011572394771505401,-0.0081270161696958,-0.01112787946886895
2022-04-07,0.00212324106827122,-0.007560870106460449,-0.007343448641325079
2022-04-08,-0.0009094525675736875,-0.010889938022334178,0.001949110532757814
2022-04-11,-0.01435646538791957,-0.01595138422208553,-0.012628119636243884
2022-04-12,-0.005553293849919427,-0.0013814814153052524,-0.003951713335490936
2022-04-13,0.011993359537648018,0.00203095238192752,0.010721067120171845
2022-04-14,-0.010550661551145701,-0.020249092960438198,-0.010941027995549302
2022-04-18,-0.0016490126804047378,-0.004981317650421424,-0.0041892342894369605
2022-04-19,0.010568060260830237,-0.00751884511381018,-0.005094695915581315
2022-04-20,0.0009180958205687872,0.01992595200426983,-0.006460913626812115
2022-04-21,-0.01562046580983445,-0.0074257892400382275,-0.018270528643451023
2022-04-22,-0.02273188328565201,-0.006313904359789291,-0.007999093402139668
2022-04-25,0.0015880743269720554,0.00995119395278099,-0.010379536107643972
2022-04-26,-0.027998617903489453,0.010016513878496447,-0.02037786295448374
2022-04-27,0.003800411588417596,-0.01290876979113964,0.013864636963726529
2022-04-28,0.020701123976909486,0.001488467242475977,0.012984216362450063
2022-04-29,-0.02657063306836349,-0.013057945232100465,0.0006908182157041587
2022-05-02,0.0032650814692054553,-0.019186631502430274,-0.002073975984668408
2022-05-03,0.006066507321487613,0.006719148480347492,0.007583670395776565
2022-05-04,0.023271763152135527,0.005494764363716875,0.009796189530607347
2022-05-05,-0.034676822833314525,-0.02778075081911613,-0.036947225067229805
2022-05-06,-0.009990791465637194,-0.014844881155818612,-0.01373773442576054
2022-05-09,-0.032179413452542605,0.008758924492071607,-0.0273195057502722
2022-05-10,0.0035261090435101394,0.009028630893810785,0.004158058643207951
2022-05-11,-0.012568703714633145,0.01908898829677863,-0.00710354267160529
2022-05-12,-0.0013807705196002829,-0.0018671075379472768,-0.004928565011403041
2022-05-13,0.026025685553313416,-0.014891142342452035,0.024403358654739193
2022-05-16,-0.0032586232442888274,-0.0010352204558801148,-0.0021720813112704462
2022-05-17,0.020056416606491823,-0.012157161954197804,0.022692978296302346
2022-05-18,-0.033996640301229064,0.021093472548589176,-0.02196845755017085
2022-05-19,0.0009125508481711009,0.0023923351900974055,0.014381894550382412
2022-05-20,0.0028465719043424542,0.011286146505121053,0.00380047597490929
2022-05-23,0.01601664964122218,-0.01659122228463783,0.007087183871991254
2022-05-24,-0.008314716365005026,0.019540194132101618,-0.018052706765708137
2022-05-25,0.006858975865291939,0.0039464446524659635,0.005497791708096944
2022-05-26,0.016338248907654673,-0.00453554371747078,0.014906251367934775
2022-05-27,0.020189461974999823,0.0024383155156959546,0.010745234657048908
2022-05-31,-0.004547903625353733,-0.021389410582792756,0.013844209853737244
2022-06-01,-0.00740744466382548,-0.0029211837911171656,-0.006667478951313921
2022-06-02,0.0199184323426147,0.0005161080423699005,0.017833179457792614
2022-06-03,-0.016752653627704284,-0.002152297353839927,-0.015759203473124206
2022-06-06,0.0035902973644237335,-0.018615702911744414,0.005509694411108157
2022-06-07,0.0075733018675299135,0.010742021510410815,0.005024016415912325
2022-06-08,-0.009421208952101523,-0.008899842942680536,0.003638017703666563
2022-06-09,-0.032847864681945005,0.00332492107665594,-0.02179736962580625
2022-06-10,-0.0263158683352831,-0.0062213275262053,-0.007918069975314967
2022-06-13,-0.037758077378333255,-0.031881968019397355,-0.03303923481198101
2022-06-14,-0.0030013829541823966,-0.012693649500324256,0.014395605358408226
2022-06-15,0.015154568028242998,0.018484467429589202,0.01466091396841085
2022-06-16,-0.029687910336019918,0.007908065048250812,-0.0317183626001567
2022-06-17,-0.00048811367845225107,0.003217166362357915,0.004352045131149396
2022-06-21,0.022090364187905998,-0.017097523551421467,0.008408421291007606
2022-06-22,-0.005747182417570329,0.02712909818867182,-0.01664490552199327
2022-06-23,0.005747182417570329,0.008181266758132466,0.0048532188956444955
2022-06-24,0.029989845878619192,-0.013939368644855676,0.02107855893387045
2022-06-27,-0.002900738903283795,-0.008565354841851835,0.0007108777469935212
2022-06-28,-0.01486707692830258,0.004648714518934227,-0.006654078603494984
2022-06-29,-0.0027163094233966234,0.015487720149449657,-0.002626163501765255
2022-06-30,-0.007954903107515676,0.008743607124819697,-0.004312423979226487
2022-07-01,0.0070084501117948506,0.008236181095065298,-0.00602048756035245
2022-07-05,-0.005102963530918991,0.00782634525994741,-0.008002997150404756
2022-07-06,0.00142664530577985,-0.016933507979325135,-0.006840944763478074
2022-07-07,0.01579481168085195,-0.008839111610023487,0.020624253314585506
2022-07-08,-0.0007019793024527488,-0.011137763188853178,-0.0024043886013265237
2022-07-11,-0.014261531380782344,0.01709746787093902,-0.025108024706418597
2022-07-12,-0.006191930308276916,0.005924396922124764,-0.0037096051731113633
2022-07-13,-0.004069472646468952,0.011401053406959072,-0.0029776431052086494
2022-07-14,-0.006859641948525841,-0.008192212214605199,-0.006732364239169009
2022-07-15,0.016883639664413863,0.005612427058702352,0.0034964917351887337
2022-07-18,-0.0027347185248078887,-0.010473104652608534,0.004725755022233269
2022-07-19,0.025043985685468506,-0.005409215356065644,0.014044821420592157
2022-07-20,0.003130216917059947,0.0026210311541525755,-0.004168160247739028
2022-07-21,0.01013480140343237,0.017128409700976732,0.012210163679438057
2022-07-22,-0.00851556219778793,0.01667136271873293,-0.01024653966098743
2022-07-25,0.0031154963134385483,-0.009833118562700527,0.004648386141386407
2022-07-26,-0.012170570778754275,0.0007664152138477931,-0.009564741834062751
2022-07-27,0.024194711217917053,-0.005633848905126193,0.019522318609986655
2022-07-28,0.009516373651806909,0.007929446896723036,0.003136623499955693
2022-07-29,0.012660493346181134,-0.002721318920747784,-0.0045876847639365614
2022-08-01,-0.0032339132504608514,0.02198261422323977,-0.006068716327928492
2022-08-02,-0.007849299616863092,-0.021386694614805357,-0.005860770360542222
2022-08-03,0.012751843602287316,0.015622006415716427,0.005373667135523341
2022-08-04,0.0015548580234332476,-0.000335212574934296,0.008248473701464754
2022-08-05,-0.0031121373956821685,-0.024091387829598077,-0.0002415928845365123
2022-08-08,0.00044519660733488564,0.016012583471660236,0.002172605564350505
2022-08-09,-0.004796175528634095,-0.0038943419403185686,-0.002172605564350505
2022-08-10,0.020692247187322543,-0.006552907462729962,0.012488165215498004
2022-08-11,0.000875772714880263,-0.023585416462134745,0.0047618410989311855
2022-08-12,0.013692912595077544,0.010089705929226866,0.010397126849474692
2022-08-15,-0.00021593558582111427,-0.0008658537641856867,-0.003768253250217235
2022-08-16,0.0007554060361831816,0.004149053947808845,0.0004718201821836132
2022-08-17,-0.007253842064433691,-0.010492175822697014,-0.00236133020978313
2022-08-18,-0.00032602053753816307,0.0014807560607597026,-0.006403448042428206
2022-08-19,-0.013459779493358859,-0.016233397077370704,-0.011245420698807962
2022-08-22,-0.019018525075176207,-0.003367280502996728,-0.0070023444181885885
2022-08-23,-0.00011222847467440289,-0.005518507409079554,0.00628017339296294
2022-08-24,0.002579440954419532,-0.007345725828350247,0.0007221710252256486
2022-08-25,0.014676711246752738,0.013840083741238907,0.018357898514895332
2022-08-26,-0.030254374156612585,0.00750925482615461,-0.01331770832126411
2022-08-29,-0.006162303067171138,-0.008307625585871392,-0.004799643544938004
2022-08-30,-0.010355650332761535,0.0024818199235392413,-0.01210082538545354
2022-08-31,-0.006498021896815587,-0.009606921855649375,0.0014598876737399458
2022-09-01,-0.002447685581469905,-0.020589483192739344,-0.004630261522430512
2022-09-02,-0.008673348978397222,0.005641018938577602,-0.008093189961356995
2022-09-06,-0.0055479524993948814,-0.025080579419028304,-0.008655978206830284
2022-09-07,0.014804576560235816,0.015691706274010286,0.008409650503498067
2022-09-08,0.004654436285771446,-0.010310343894019525,-0.0029600153536430973
2022-09-09,0.018290081864278385,0.0022183008155298722,0.013251750132939222
2022-09-12,0.012235274375528071,-0.008251095875171366,0.015241641444840859
2022-09-13,-0.04032473850579876,0.002324609389891208,-0.03220575096152123
2022-09-14,0.0039779663201420234,0.0034305605769286984,0.004946756234630811
2022-09-15,-0.010446710333977371,-0.0006481153333846024,-0.008673043539704217
2022-09-16,-0.009008027557367626,-0.008370598745063518,-0.012774178612930509
2022-09-19,0.006527087264967868,0.0023321993938845154,-0.009370688907076374
2022-09-20,-0.012378174111350226,-0.01002021490929117,-0.0035686856962122704
2022-09-21,-0.016543307546594832,0.016614147224698783,-0.016737909524187966
2022-09-22,-0.007454976575010264,-0.025880508654788414,-0.002860404911487091
2022-09-23,-0.02119956843751769,0.004076417629874207,-0.023183362991562095
2022-09-26,-0.011974643108521477,-0.019295628456907465,-0.01395622369432381
2022-09-27,-0.0033024561672228003,-0.026683921018946677,-0.0005406990639280629
2022-09-28,0.02027650394276037,0.03293365550202676,0.007811512193233838
2022-09-29,-0.019005067318446756,-0.005189334232326814,-0.01978114976818679
2022-09-30,-0.011116132148624835,-0.012994790901026398,-0.0013692795589941298
2022-10-03,0.023491632608727997,0.013380119053353567,0.015230034703588302
2022-10-04,0.03356683832701357,-0.0027969436344710275,0.027683453346558196
2022-10-05,-0.004500436299894162,-0.009607506038893376,0.0018360580849554609
2022-10-06,-0.011648674966370898,-0.005573765732542313,-0.0071006336594550135
2022-10-07,-0.025735401665939683,-0.009755267659002698,-0.01999266943124267
2022-10-10,-0.008004582086627465,-0.015668198636415553,-0.013826933540455943
2022-10-11,-0.008455033985309335,0.004415928935376456,-0.015683350091626913
2022-10-12,-0.0027054021508190473,0.004894848852242006,-0.00027741329108188495
2022-10-13,0.022323780222554213,-0.009612561197839042,0.0038759570613633443
2022-10-14,-0.02142119879332327,-0.008284546257621983,-0.014753191472922644
2022-10-17,0.02557556797336069,-0.0048815653392697556,0.02519861566028414
2022-10-18,0.00937799951211371,0.0023420749118292505,0.0002734692025745389
2022-10-19,-0.010257779573038306,-0.018373633939194,-0.017650849874133012
2022-10-20,-0.0047894880147403285,-0.01724092191322235,0.0077606430129724124
2022-10-21,0.021003400793570215,-0.018187144491961682,0.014526739501118158
2022-10-24,0.002964768836356768,-0.008298766648018763,-0.03968885856339721
2022-10-25,0.017485318105368464,0.028696777877838642,0.008177147334130108
2022-10-26,0.00012123066618130451,0.014304632110244242,0.013389308453101378
2022-10-27,-0.006078306910081821,0.010416245723441797,-0.00723024046186449
2022-10-28,0.015847395633341144,-0.006897625064048896,-0.007001848720095349
2022-10-31,-0.006622976390143087,-0.0071536506232101615,-0.003660459201019428
2022-11-01,0.0009660891152716289,0.0068436190172889155,0.016506183643525407
2022-11-02,-0.020732412691413238,-0.004349615179491728,-0.007519892074880907
2022-11-03,-0.008787717508690562,-0.0054115715605487225,0.00807468979032544
2022-11-04,0.02322398829566552,-0.016943321235217468,0.039956324762195905
2022-11-07,0.006296141904438279,-0.010026776712033225,-0.0018669080450561815
2022-11-08,0.006976235116645135,0.010875512485894134,0.004262122904855836
2022-11-09,-0.01863108474306241,0.0032819631659535276,-0.01851155835256657
2022-11-10,0.052220931544010085,0.037752065581780236,0.033025581657995406
2022-11-11,0.015068986992525346,-0.0036708577111070895,0.019972145891111293
2022-11-14,-0.009060137540518376,-0.0024547200895757015,-0.0033439839114133285
2022-11-15,0.00963085093815863,0.016050748807287185,0.021917207603280975
2022-11-16,-0.007559261999155353,0.02163268444922295,-0.016008403373174662
2022-11-17,-0.002417344646130637,-0.010608335017355586,0.005364659232518054
2022-11-18,0.0019573525244762635,-0.006901086919429922,-0.007159293553624213
2022-11-21,-0.005536384991694732,0.004206297392223668,-0.009280824590526926
2022-11-22,0.012413973570679637,0.01409178615020057,0.0025866148543642886
2022-11-23,0.007737866292689688,0.017291464030305903,0.005410269332546402
2022-11-25,0.0007931527692113249,-0.003395574172383675,-0.003603591934318029
2022-11-28,-0.014603782153554512,0.0028143151181936332,-0.0023234851191658024
2022-11-29,0.0020665943112279095,-0.011795224242375113,0.019452933413593332
2022-11-30,0.028046571103319096,0.007327471360841997,0.026761624046423904
2022-12-01,0.0014487647480621035,0.02906817639680792,-0.002471024002946187
2022-12-02,-0.0008912860343892604,0.01249717191399835,0.00616600822212332
2022-12-05,-0.01720011767413343,-0.014105933080153399,-0.010132296375923389
2022-12-06,-0.01071604450103436,0.012797771857907314,0.0007449434057300586
2022-12-07,-0.0018355364276008146,0.023289143273514945,-0.0059746674620004825
2022-12-08,0.007663815653772055,-0.0027442667478245752,0.01142016131651058
2022-12-09,-0.004797334180643098,-0.02635880063618501,-0.00842841299265551
2022-12-12,0.008891046974734529,0.003192456588305248,-0.0027420382700231727
2022-12-13,0.0014741427106068627,0.009609616354825157,0.005228421712199172
2022-12-14,-0.0038600902928358494,0.004262090326298207,0.0017367500778866507
2022-12-15,-0.024877519474520327,0.0014781601936979527,-0.01952499483996961
2022-12-16,-0.009726470773108176,-0.011233456871710956,-0.001264779527418547
2022-12-19,-0.006142195591896105,-0.01694799126543778,-0.01427497003680367
2022-12-20,0.002248593342415006,-0.017916600143712103,-0.00334322202485815
2022-12-21,0.013036776970497321,0.002510327741014784,0.009230850425903991
2022-12-22,-0.012091463965551164,-0.00019285025936177647,-0.008973229406219918
2022-12-23,0.004595535094914283,-0.01476898797631776,-0.002062435099889459
2022-12-27,-0.0003527400817660009,-0.01997104676426975,0.015619331891596033
2022-12-28,-0.01302099931074352,-0.005909139641083527,-0.01458758263692772
2022-12-29,0.017245869040892536,0.01128711213252842,0.017124972339042088
2022-12-30,-0.005990528824388441,-0.011186720320829124,-0.012238795057204044
2023-01-03,0.00023564934264719284,0.018904170137582277,0.010717172695915878
2023-01-04,0.012640638821364014,0.013606978147987725,0.0255588116429859
2023-01-05,-0.01028773246242043,0.004172133456028959,-0.002973216653626931
2023-01-06,0.022885371686670375,0.0182294363436295,0.01697672544330997
2023-01-09,0.0021798028410975334,0.005310059541972834,0.005352747670133162
2023-01-10,0.005599670169301518,-0.01668851047514508,0.0070125041020721035
2023-01-11,0.010429730395723702,0.016120942972316143,0.004087974255911675
2023-01-12,0.006967917040840099,0.019490888824269526,0.004549330106072169
2023-01-13,0.004469797567868028,-0.009416899817339619,0.00666666229350632
2023-01-17,-0.0006692526246947494,-0.006484703418855098,-0.005234397559096493
2023-01-18,-0.010994004993099438,0.023942638471954325,-0.005981594840481996
2023-01-19,-0.003955907561455696,-0.006279458471121657,0.007888216790804314
2023-01-20,0.015396102372873699,-0.016344048618822882,0.011599175345982093
2023-01-23,0.008771509384867926,-0.004719216067577747,0.00726929113271213
2023-01-24,-0.0013274642394058844,0.014277945780112766,0.0009341643792941667
2023-01-25,0.002321928342388979,0.00242200519596647,0.0002333602926554157
2023-01-26,0.008467600287883847,-0.00466288249821023,0.007671822720175303
2023-01-27,0.0005474087507613135,-0.002527066433289704,-0.006738747856025018
2023-01-30,-0.012112084948163293,-0.0036614545142521493,-0.01811602239124932
2023-01-31,0.010797850340236614,0.007962930104752353,0.0026081961991644143
2023-02-01,0.010140198140412338,0.009380167624890134,0.010130851360289128
2023-02-02,0.008103334250166405,0.0012932970823307244,-0.007057174324483828
2023-02-03,-0.011580839311164937,-0.015068676640195733,-0.015943276189715583
2023-02-06,-0.008307898025596394,-0.007431418273278645,-0.01036779198930482
2023-02-07,0.010591366468730712,-0.008058119145530895,0.0019370909818068327
2023-02-08,-0.008617461804500515,0.004747896219378767,-0.0019370909818068327
2023-02-09,-0.0043917674298805665,-0.009518442540351835,0.0038703447975567684
2023-02-10,-0.0008806055338528296,-0.011252806271421889,-0.008485891222577369
2023-02-13,0.010517176884828672,0.008379560134202713,0.00896864427412325
2023-02-14,0.0005447014619219814,-0.002304643756489533,-0.002899927946194758
2023-02-15,0.0006533666161061547,-0.009368819122116179,-0.004852041694426212
2023-02-16,-0.010174588936566309,-0.01426926789528693,-0.0019473720006590867
2023-02-17,-0.002532380709256543,0.007746285146585485,-0.008073483144801497
2023-02-21,-0.017235044942824906,-0.019628759578475652,-0.011115361504919541
2023-02-22,-0.0026954810872865664,0.00912250434358075,-0.004231448060414866
2023-02-23,0.004824156024051618,0.009724603821823052,0.0034860441224831007
2023-02-24,-0.013407837583931936,-0.013086247683044228,-0.0193254971899659
2023-02-27,0.005881001245468198,0.0027692508806582694,0.005055641851183346
2023-02-28,-0.005200679675597897,0.004532911649505422,-0.006069863969567102
2023-03-01,0.002151418325775367,-0.013262232445874211,0.019842442865851684
2023-03-02,0.005414516547611825,-0.008906732510268078,0.004466516323334613
2023-03-03,0.01496235982337879,0.02393714131588265,0.007400113799642671
2023-03-06,-0.0006652460054734632,-0.007783683062237756,-0.0034465665168728066
2023-03-07,-0.015873328849594692,0.006113841620882354,-0.014907070436997127
2023-03-08,0.0021385841770618086,0.0009825929224422936,0.00524278027433267
2023-03-09,-0.016208915573574956,0.002452303948557777,-0.0206296547443654
2023-03-10,-0.013228484244879546,0.03390478571053279,-0.005607998976552064
2023-03-13,-0.002550740173744792,0.0022704152714103643,-0.0010229438344664388
2023-03-14,0.013720194852329115,-0.016578176062250094,0.0005115539376929767
2023-03-15,-0.01395236300405589,0.019126156893188195,-0.01676371217225192
2023-03-16,0.016125595928821568,-0.007853584863983798,0.012663248883174827
2023-03-17,-0.010913968614991276,0.01489752111015008,-0.005149263371904134
2023-03-20,0.009656402785675589,-0.008836256051449887,0.001031917031556695
2023-03-21,0.01318346188773667,-0.008629361275613867,0.010516958832807344
2023-03-22,-0.010783882643631948,0.01324524109098757,0.0030573971990044413
2023-03-23,0.0026214835316951124,0.0,0.012136673079147009
2023-03-24,0.0023875753392905708,0.004220376236076184,-0.0020126253599928035
2023-03-27,0.003514204007135646,-0.023771204988188188,-0.004796137625068919
2023-03-28,0.0009048094927690542,0.0018193373701995696,0.011822580368133107
2023-03-29,0.01213636490833192,-0.002011004613637013,0.0034947460643137696
2023-03-30,0.008120667054882347,0.004590705753806823,0.009671479782507486
2023-03-31,0.009921826483433982,0.014869807077826813,-0.0029658679413269162
2023-04-03,0.005797104138744125,0.002159889333087861,0.004199046959769248
2023-04-04,-0.003496121618026926,0.004959527218941773,0.0009854870316416964
2023-04-05,-0.005157209100747906,0.010400342245974414,-0.008904352863221998
2023-04-06,0.003952580937656158,0.00258325432771489,0.005945067633356782
2023-04-10,0.0006572194123304342,-0.016255989570218787,-0.0022252487615457284
2023-04-11,0.001969153961709935,0.002058202821810795,0.0073982884576069274
2023-04-12,-0.001640706161115446,-0.0010285718861418047,-0.007645896730121393
2023-04-13,0.013266845662056603,-0.007889552788478582,0.01205875755964314
2023-04-14,-0.0029209372101464126,-0.009188727544606756,-0.005396167576087851
2023-04-17,0.001840106218348403,-0.011967018292194709,0.005396167576087851
2023-04-18,0.001836726445642256,0.0035571360812793884,-0.001958909312892665
2023-04-19,-0.00205308241294766,-0.0009601390686588829,-0.010347423374337694
2023-04-20,-0.0036844031968366053,0.00851312621675504,-0.0012389850492038335
2023-04-21,0.0006511565130358221,-0.005635397115622887,-0.00946696297743621
2023-04-24,0.0004338964828161096,0.009627852944435134,-0.0012523291712454032
2023-04-25,-0.01618047444163473,0.014597381225486039,-0.01718951024569071
2023-04-26,-0.0025382494748136253,-0.01071538964208596,0.006860665909442343
2023-04-27,0.016982090126468563,-0.009972095268180325,0.012831936311788361
2023-04-28,0.005849164075717006,0.016001879820988663,0.0059821133889479405
2023-05-01,-0.0012968241174471373,-0.03177901744913392,-0.003235872503980275
2023-05-02,-0.01131062527647586,0.024614562308564736,-0.010526462804359316
2023-05-03,-0.003615867997725175,0.0055663521546645,-0.0002519420869506739
2023-05-04,-0.0036289899607364617,-0.009927780285538645,0.00853205048636596
2023-05-05,0.016823653998471855,-0.0033312597188928095,0.01068732177183751
2023-05-08,0.00043323856831367635,-0.014113826891503756,0.0002471467458398102
2023-05-09,-0.004232000183199247,-0.0035840123122321543,-0.006198110971102899
2023-05-10,0.0024980013535671475,0.00965724521855904,0.00024871655462055386
2023-05-11,-0.0024980013535671475,0.010516334490790591,-0.003986050176629341
2023-05-12,-0.002831343956651189,-0.008404260053281654,-0.011296737475673169
2023-05-15,0.0068467896335526746,-0.010411683819923745,0.017269822978284832
2023-05-16,-0.008047080184999444,-0.003008738994591198,-0.006972109427177298
2023-05-17,0.009345869392143769,-0.002920233981222431,0.0034921309900144415
2023-05-18,0.004963397245570711,-0.007436454334157183,-0.006244556346631569
2023-05-19,0.0006455515289571778,-0.007096434543324648,-0.0005012646208939486
2023-05-22,0.0015047228577635963,-0.003567191821537641,0.0064968277807770924
2023-05-23,-0.0126453795231809,0.0028745712449405048,-0.015056803474067681
2023-05-24,-0.00928822837890575,-0.004961312082405911,-0.007104794676410897
2023-05-25,0.004053719666250899,-0.0024899171575079038,-0.0017841139875893752
2023-05-26,0.0130352112907417,0.008044911822591594,0.016445600686503248
2023-05-30,-0.004109499433210928,0.009941537285937052,-0.013134733945761035
2023-05-31,-0.00717780164073023,0.008679165169920289,-0.0071447762517071745
2023-06-01,0.011826713307147685,0.0012615098701509453,0.017012013161485484
2023-06-02,0.014775400353610912,-0.011018636948808336,0.015736486990196585
2023-06-05,-0.0026605667771448793,-0.0018646142225406948,-0.0009917457025547805
2023-06-06,0.0047839838670995505,0.005876593412171616,0.007660918659614158
2023-06-07,-0.015497607226430787,-0.014955063076134145,-0.0022181193352257544
2023-06-08,0.007190863331444142,0.011629187284106557,0.005413429165162853
2023-06-09,0.0013892308123484298,-0.0013726778562945796,0.002695764640234355
2023-06-12,0.00723561688893426,0.002939191423807941,0.002444354052404396
2023-06-13,0.007709848047726453,-0.009929808127063566,0.008266523114366375
2023-06-14,0.0024168111939930625,0.007971282435127236,0.009398777458290652
2023-06-15,0.011271271845448183,0.00956014863951804,0.00954892745558844
2023-06-16,-0.0029099872514137815,-0.003891070365081184,-0.0035701936781649124
2023-06-20,-0.009201287088293597,0.006896235364950876,-0.023399871375763492
2023-06-21,-0.0034723473852480424,0.0024169780790312956,-0.0017100209975193792
2023-06-22,0.00021075719767438272,-0.01214373528052004,-0.0044106981360663156
2023-06-23,-0.010381403740997719,0.009920371918702209,-0.01409692382301575
2023-06-26,-0.0017052509619484013,0.001063990119031466,0.0032325591476949356
2023-06-27,0.010504610096737643,-0.0026136627014032854,0.009389766902503371
2023-06-28,-0.00010549962295680615,0.004255760790169205,-0.003942830334930925
2023-06-29,0.0016875442291652831,-0.01821333775685563,-0.004206319825415417
2023-06-30,0.011004701967671338,0.011725799543736315,0.00864092439514419
2023-07-03,0.0023944181634831807,-0.008389480407469563,0.00978485095103343
2023-07-05,-0.004899173114508493,-0.009547798394109464,-0.004880457609743427
2023-07-06,-0.012406849766995798,-0.014243981039120612,-0.019264675762832528
2023-07-07,0.0020081647682550496,-0.006037434998971136,0.011899083259085064
2023-07-10,0.002530823546240235,0.0013111833319090493,0.00024635509029025116
2023-07-11,0.007867861452500513,0.005127464463028808,0.008830094320023463
2023-07-12,0.011945107527818521,0.01106967766827971,0.018868454703728776
2023-07-13,0.011293739136337244,0.01045784543095074,0.010962909952285216
2023-07-14,-0.0027602803075783555,-0.005906095258514377,-0.006181625125200707
2023-07-17,0.00255610792227845,0.0004934651735233331,0.0011917350272678817
2023-07-18,0.005600575114694806,0.004528970183493186,-0.007171898721172187
2023-07-19,0.00121773016948179,0.01123326973629446,-0.0014406094650079027
2023-07-20,-0.006716174931402641,-0.01221613078362882,-0.0062665503447565385
2023-07-21,0.0005103396454906317,0.0002950047570564607,-0.0004836870125535242
2023-07-24,0.003565413897294256,-0.003643735769613521,0.013216562443933544
2023-07-25,0.0032488081795465362,-0.0018762899154971535,0.007610017715983464
2023-07-26,0.0013167613997184802,0.000987932076832898,0.006140834963308528
2023-07-27,-0.006295743271238052,-0.01964458241200795,-0.01112835478452645
2023-07-28,0.010437332474585226,0.005122752454123969,0.023995516196932964
2023-07-31,0.0019135153117995074,0.002401737294111861,0.0011615575001413525
2023-08-01,-0.006966583319035102,-0.019275067089504105,-0.014028718912547866
2023-08-02,-0.01665255093964202,-0.010756678779220152,-0.02190047012839802
2023-08-03,-0.0023722703264859035,-0.023341665369605913,0.0043227806943102465
2023-08-04,-0.002067366382994429,0.017557147920943095,0.0011974432772086097
2023-08-07,0.006703490526847489,-0.009890215907370603,-0.0016768406519904744
2023-08-08,-0.005772591499010993,0.011546397437976808,-0.010362794657015062
2023-08-09,-0.004247648506459534,0.005157840890023024,0.0016942929661438733
2023-08-10,0.0015561134440114088,-0.016599676870231228,0.0019328788872141622
2023-08-11,-0.0037387166504245783,-0.0023040813750352385,-0.014588113278068526
2023-08-14,0.0019749753084470356,-0.002204368471583784,-0.004664361925566407
2023-08-15,-0.012329069236749923,-0.006113667342880547,-0.010637090111198955
2023-08-16,-0.007704152386862617,-0.007854891255396623,-0.0067374045367167845
2023-08-17,-0.006590189238700361,-0.0042716201122035,0.003249623428169368
2023-08-18,-0.0004265950585526923,0.0035253944238986534,-0.006258626059818528
2023-08-21,0.005214141654449556,-0.013420138551969885,0.002257624265174396
2023-08-22,-0.0022313039138781576,0.007644793235702885,-0.0017554786909279585
2023-08-23,0.011738098943544273,0.0244754232288642,0.014700654654515422
2023-08-24,-0.012802365444973596,-0.006615904817001805,-0.004213712679966175
2023-08-25,0.006051291607264808,0.0032609038587168016,-0.0007454039379317656
2023-08-28,0.007696761261993146,0.0010496324427577974,0.009893761705434656
2023-08-29,0.014079582823723236,0.010332481194366139,0.013203055017885212
2023-08-30,0.0024824743035054553,-0.0010388373660692451,-0.003650027502593911
2023-08-31,-0.0031040174640146745,0.004459435013535185,-0.012017353282049559
2023-09-01,0.0027939858580934285,-0.01869604757704213,0.010797710832118668
2023-09-05,-0.005803701345787893,-0.014121399025281534,-0.005875210932486663
2023-09-06,-0.005837581018250937,0.0024563835820625712,-0.004675746814178261
2023-09-07,-0.0037708288710973648,0.002769517463377724,-0.010414227136439802
2023-09-08,0.00041969274512787536,0.0038220728237412516,0.0019920781328459647
2023-09-11,0.008564912191538987,-0.007231769116198272,0.011377789843855624
2023-09-12,-0.004795662599690331,0.005747151822116159,-0.0027090427007854245
2023-09-13,0.0003134504881519007,-0.0002123145009225169,-0.0009869459654345825
2023-09-14,0.009151449629598574,-0.007244095947635643,0.00590702390566733
2023-09-15,-0.008107297152534443,-0.006112944140013177,-0.005166676079709109
2023-09-18,-0.0010441524770641308,0.005685172598409949,-0.00966668520993652
2023-09-19,-0.0021962993798165797,-0.007407783175919391,-0.004993787087584245
2023-09-20,-0.006512656859743338,0.0031200551114718422,-0.003008248144342751
2023-09-21,-0.01668387567044416,-0.026009404314581097,-0.016198865995632694
2023-09-22,-0.0006431295966660144,0.008016332039776586,0.011669409394895247
2023-09-25,0.001285845843476352,-0.024916852892792107,-0.0037903146574853608
2023-09-26,-0.014671251882988123,-0.0034821439653525132,-0.011713886911176807
2023-09-27,0.0004346036225220118,-0.00518953181639592,0.0012798987124660322
2023-09-28,0.006172521745463122,0.0030492613498225296,0.0020444172230194013
2023-09-29,-0.0028107532757433162,0.00011278272634829278,0.001020692023522507
2023-10-02,-0.004448590399817931,-0.020043970314208792,-0.003576891698928275
2023-10-03,-0.013465589758573593,-0.021746339478244003,-0.012880136948100418
2023-10-04,0.004289249100703607,0.014009154861394535,-0.004156925922673693
2023-10-05,0.0025209168389626058,-0.004997398921082308,0.004156925922673693
2023-10-06,0.012294175102728566,-0.012190994950135092,0.013647663658404863
2023-10-09,0.0035619250787899404,0.023198544190065284,-0.0061569683105675566
2023-10-10,0.008369134738004824,-0.0013837077334422077,0.01582874331474038
2023-10-11,0.004583988851637244,0.020671066723106257,0.0030348767576824365
2023-10-12,-0.00768734932913695,-0.027502610177513986,-0.010662659422673304
2023-10-13,-0.00569686508275602,0.017734238529247826,-0.0038358703889640466
2023-10-16,0.009120789729852419,-0.016225011378536713,0.007148424452169344
2023-10-17,0.0004271776459505716,-0.011082026102798181,-0.004334027994802092
2023-10-18,-0.014410443401271955,-0.008836581800498067,-0.016486705080129838
2023-10-19,-0.009031146112048027,-0.020685898023195648,-0.003642975367355472
2023-10-20,-0.011985369064788642,0.00566233952199191,-0.01206411357734627
2023-10-23,-0.0007746328448448025,0.011941866604933793,-0.0021130971878897675
2023-10-24,0.007279935458481823,0.013090588895689592,0.012350734238406602
2023-10-25,-0.012830571266290391,-0.022512817824599907,-0.010765492884337036
2023-10-26,-0.01029435230267417,0.015222156291609501,-0.003702712100335681
2023-10-27,-0.0036057202357833162,-0.004257849098009636,0.0010592453476525598
2023-10-30,0.011559596918761628,-0.004514202028355285,0.008959221003655315
2023-10-31,0.004453290568837254,-0.004893439775614183,-0.004733122455710781
2023-11-01,0.009948148271346824,0.01802273872132787,0.0070913091879178936
2023-11-02,0.019604233351817157,0.02254077597719295,0.015322989467443371
2023-11-03,0.011474038085332872,0.006755580098717573,0.018133534975383725
2023-11-06,0.0008526253260159322,-0.009747207421253457,0.003032672213308718
2023-11-07,-0.0005328259607910724,0.014642206299694038,0.00025225990988975155
2023-11-08,-0.0002131611006221945,0.016890391867288912,-0.004551216671355274
2023-11-09,-0.005988097290448913,-0.02326997110697704,-0.008909273019620745
2023-11-10,0.011410411412296817,0.0055843540157951566,0.006879895960825166
2023-11-13,0.00021208940416350686,-0.0022755380126406877,0.0017759662970155965
2023-11-14,0.021603163390850888,0.022414610390458556,0.02305284177541944
2023-11-15,0.0020727228134713727,-0.014133742497216772,0.006911965124109631
2023-11-16,-0.0007249723000812835,0.01235006274500794,-0.01038589894778319
2023-11-17,0.004445144233852005,0.004675486201564993,0.003969239880836639
2023-11-20,0.006989444894003327,0.006089765049561713,0.010589935441696063
2023-11-21,-0.002666611906670724,-0.0004415732242177839,-0.005896770385800387
2023-11-22,0.002769056075371701,0.003527725900772438,-0.0027143904688298193
2023-11-24,0.0024549712400441237,-0.011844934640561355,0.003207039973527337
2023-11-27,-0.0026597919193180886,0.016565811734435165,-0.004690753710073103
2023-11-28,0.001637626071874898,0.0019695848238709956,0.008133176683749355
2023-11-29,-0.00010229748374701586,0.01249262776442972,-0.005661636216934163
2023-11-30,0.002553758051393018,-0.011618565195013808,0.0029579205072627346
2023-12-01,0.0074198985472655465,0.015497469097599748,0.004175326422152459
2023-12-04,-0.006196379338666347,-0.003986806810501342,-0.00886270251707888
2023-12-05,-0.0019379112082971162,0.021258054460676412,-0.0034679101724033323
2023-12-06,-0.0019415959591979615,0.01322995057033971,-0.0012414461565648516
2023-12-07,0.0064236493992142485,-0.005753486708981015,0.003967271449816678
2023-12-08,0.003247082480593022,-0.00821661397983764,-0.004961577173854703
2023-12-11,0.0035394533594814703,-0.0021177960112002125,0.004466516323334613
2023-12-12,0.0032251560226450593,0.0029636601925906447,0.0
2023-12-13,0.013691342289789077,0.023191195023273714,0.00936431359524681
2023-12-14,0.006430905378405072,0.022463723926526846,0.013158106593106123
2023-12-15,-0.0042496510992071634,0.0011100521751030712,-0.0058267141143799606
2023-12-18,0.004446837206704579,-0.007999646802130833,-0.021410905934273305
2023-12-19,0.007172043888565405,0.00537389155659973,0.006940999067250431
2023-12-20,-0.023474586002315334,0.0067523378675575785,-0.021221579516287115
2023-12-21,0.012449740158114508,-0.006347920557535858,0.019243388581851484
2023-12-22,0.0014836215228974936,-0.004559016456233245,-0.0034714442154193392
2023-12-26,0.0048311443973290125,0.002839170143839276,0.0064373121567462555
2023-12-27,0.0028483142513486825,0.017564560183055633,0.005414761320428063
2023-12-28,0.0,-0.007289496091612335,0.006117723466308789
2023-12-29,-0.0018652383102883974,-0.009060784266487154,0.0026799089117335306
