ACWI,TLT
0.0269781597472978,-0.00366979288409919
-0.0227952455816434,0.00492484080975864
0.0445121989347506,-0.0307814750711701
0.00227882261415235,-0.0102931399821831
0.0131902600565272,-0.0022896928078282
-0.00827069820162585,0.00966820182876305
0.0324975215881782,-0.00716075182200893
-0.0313656336531105,-0.000762482445308521
0.0125528237329355,-0.0163694718230296
-0.0258382868542952,0.00530274502074413
-0.0206551052932218,-0.0210440247927783
-0.0212900184191023,0.0105216418427343
-0.0193125918333572,0.0275644989554262
-0.0238449089143407,-0.00271164546901037
-0.0119285645167033,0.000977082698861764
0.00922048931960529,-0.0187290585824282
-0.004180544291017,-0.00343316761023083
-0.00925937670109445,0.0154120347355358
0.00904984205902526,0.00501253182215322
-0.0143492716112297,0.0112409410015166
-0.0023406886493138,0.0004298400553715
0.00255325131434958,0.00813180721425511
-0.0581839086761002,0.0173256713089449
0.00740490340600664,-0.00567169779070298
0.00779432257864254,-0.010269543453103
-0.0256136940867839,0.0056242391143746
-0.119263389573039,0.0302263918149004
-0.205983938242531,-0.0149990356665981
0.0322408281893027,-0.0219163150396762
-0.101706373349896,0.0300127512902941
0.129088853929368,-0.04115374376196
-0.0264676278270124,0.0152870610220974
-0.0782664098792263,0.0096078026856663
-0.0863524061532797,0.0782872227780738
0.0994501578683456,0.0268421316601613
-0.031727680351584,0.0440404382033695
0.0504198110656708,0.0169624828760924
0.00953299694374277,0.0843529197113098
-0.0140129849053667,-0.00788310096466205
0.0606623751347462,-0.0416639644750241
-0.0453851989186394,-0.0316072677987727
-0.0545235722278035,0.0138309886653394
-0.0450280603295288,-0.0595698454888325
0.00243943998194496,-0.0372725929006679
0.0591288587420529,-0.014172233691581
-0.0504647947032639,0.00117247442741331
-0.0763400859343757,0.0146369548958551
-0.0344796356858259,-0.019825731590231
-0.0653098805266694,0.0230921766771495
0.0893064293361774,-0.0147835799239946
0.0340395455651565,0.0115171348370762
0.0500192880675909,0.0061396912241376
0.0512587074204243,-0.0158090763441381
0.0107897049133605,-0.00555367242363758
0.0183668671262769,-0.00637102415179491
0.00953299694374277,-0.0111732736251344
0.0160003480487694,-0.0350096365305088
0.074930182886654,-0.0225992240529935
-0.0488190860065556,0.0321304291597899
0.0307532464155336,-0.047093340603217
0.0372283926592876,0.00681941268283293
0.0070571924619891,-0.0470713704102153
0.0186713513695032,0.00144602532930183
-0.0411442340478447,0.0189370536916362
-0.00692837263383073,0.031138374820916
-0.0181238200784715,-0.00307050150783361
-0.0235796894043707,0.0202599722511527
0.0680057169939232,-0.0532478202499132
0.0487364307670619,0.00229896746321856
0.0141430666606861,0.0360825217132588
0.0191581640806224,-0.0466355394236766
-0.00260287207389176,0.0311165298862708
0.0198690699522568,0.00448908598993114
0.00433402799480209,0.0288017124219753
-0.00997076409749376,-0.0135616833721279
0.035587444015901,0.0155284022184956
0.0225554584936121,-0.00976828734233326
-0.0245411089161176,0.0229183269139561
-0.0221059260391079,0.0104574662384849
0.0500352131888233,-0.0319148789097907
0.0153443289591224,-0.00470347960110118
-0.00716333633960309,-0.00525211308182616
-0.0511292970692456,0.00870347705198693
0.0402871050374487,-0.0259122629727999
0.0244089764138282,0.00630171738708985
-0.00997865650931828,0.0126959446735535
-0.00310896020965545,0.0133669361876771
0.0232017876461348,-0.032257516157534
-0.0120071676099136,-0.0134823813209444
-0.00856333973444956,0.0075725652651073
0.0149380620307142,-0.0337566498659658
-0.00471812049616327,0.00200445842954267
0.0298181599918994,-0.00669718401278541
-0.0057544180369824,0.0198487515168058
-0.0528496284792817,0.0100503157496954
-0.025636132144129,0.003363874505113
-0.0140811366625457,-0.00358125294603351
0.0173218491798566,-0.019652615360914
0.0245833420284156,-0.00823880740939043
-0.00633381267417743,0.0245153761614532
0.0404700854997171,-0.0153900098769046
0.0102732313156091,0.00232372678688808
0,0.00858372999818347
0.0030152190026187,-0.0256382191042803
0.0217624153311031,0
0.0123861335459639,0.000337283301572455
-0.00763877340177466,0.00984124732953617
0.0132185222448387,0.00277824258608739
-0.0344159040778562,0.0221694402884625
-0.0880799846961216,0.0367630189984975
0.0297419878297376,-0.00735070600585175
-0.0416363765207772,0.036732732440095
0.00152636443030785,-0.0198026303966143
-0.0234034043217743,0.013279323341421
0.0340229270555783,-0.00389341930869858
0.0253303956390281,0.00287031227855117
-0.0308788943155105,0.0138255792986213
-0.0481833830896234,0.0174143494954651
0.0569961928091418,-0.0156995342744031
-0.012867550282178,0.0157987667367454
0.0354239623763486,-0.0101706357136973
0.00756935304595796,0.00699098592991554
0.0233211961865329,-0.00378906505123133
-0.0437175743981895,0.0216422543415975
-0.00622589503514615,0.0360044646353899
-0.00325278037137844,-0.00652826428831954
0.0366629288758915,-0.0169438470928665
0.00385821192520908,-0.0122391243854061
0.0162333551665808,-0.00637289801073848
0.0254835569820266,0.0178393564281372
0.00644270026966121,0.0106675424847893
0.021105976562795,-0.00373509399639094
0.0104993978497592,-0.0386375471369309
-0.00200200606831036,0.0110092918953608
-0.00178288469025656,-0.00951443357965687
0.0367897081359532,-0.0245979619007501
-0.0245958042588743,-0.0223963722908112
0.00351957785056811,0.00810814009621019
-0.0242261016154939,0.00495718630301756
0.0340590389242688,-0.0227140450267953
0.0032562214691807,-0.0185072061249896
0.00605012188355181,0.000965677827984734
-0.00107768603215597,-0.00333026640328171
0.00944420928078404,0.0127240681876861
-0.00363835569373849,-0.0189849029183984
0.023939308028734,-0.00553779742609617
-0.00904222967545909,-0.00349040174466531
-0.0108315450135859,0.00436112266870392
0.0290423871316419,-0.0344193848402155
0.00475944090741232,0.00729235899057823
0.0163804450691778,0.000335275552830083
-0.0172064901547087,0.0307005567536978
0.00638448377397216,-0.016058035260337
-0.0220016669001284,0.00811591963788505
-0.0224967330190262,0.0206482230215048
0.0250119078807041,-0.0138988493368402
0.0198970104770062,0.000217013153322121
0.00654532299551391,-0.0253762745340298
-0.00983412038261289,0.0305693590809222
0.0183603998408031,-0.000755650665768215
0.0243621754770653,0.0138347525957876
-0.0288192577742086,0.0124895813911809
-0.0124631425085324,0.000105202589107734
0.000411109110014074,0.00252098727891337
0.00348758135254901,0.0119924428072205
-0.00760621907618253,-0.00145227605849119
-0.0261329813304076,0.00837341485670518
-0.00957761445702632,-0.00247369599071856
-0.013781428467134,0.000825271648240644
0.0585307554435155,-0.0351539906755312
-0.0057424807655555,0.0184132767736704
-0.0216224035608219,0.00835334729457582
0.0244977268315272,-0.00124851869745957
-0.0335762287483523,0.0192818790773588
-0.0833355114206662,0.043954354223505
-0.015565466603551,0.0312690828228357
-0.0516506702762869,0.0519561172617564
0.0365524972072429,-0.0246723712288324
0.00663349471943464,0.0363841424262237
-0.0348382847115563,0.0106092140151999
0.0383739755740633,-0.0130119228237042
-0.080572282975464,0.0737451974316867
-0.00229797509185037,-0.000248303429580155
0.02399409916893,-0.0214198716306209
0.0691758434370215,-0.0369567102228485
0.00232617665606627,-0.00722215324987108
0.0485245806694477,-0.0148718017328342
-0.0390436485241006,0.0440538393407683
0.00298750226199163,-0.00715121139681774
-0.0438574852733882,0.0314081295361959
-0.0557068196277388,0.0121597793560282
0.0836046176668761,-0.0180426180785016
0.00511631861888473,-0.0164014751053099
-0.0416826183488932,0.0469483415461109
0.0241321505737289,-0.033670441246529
-0.00449551080420463,0.0248844119382117
0.00708894873021659,-0.0210024938662157
0.00820730296669714,0.0179462592915485
0.0339793837943883,-0.0327952865314005
0.0101067848918843,0.0093593676475372
0.0253737055891836,-0.0128704280452823
-0.0100724061192263,0.00359649448578914
0.0187492004231924,-0.00351069447574304
0.00903042003402055,0.00786058526038769
0.000428000373390969,-0.00298315560540718
-0.00299985663400859,-0.0101236304841699
0.0187080517128608,-0.0399349536969522
-0.0118645753400402,0.015847899205351
0.00594992399524319,-0.00896152711370757
-0.0181726496644137,0.00630810773698265
-0.0147796719873221,0.034214372550287
0.0119710441532015,0.00196659770820329
0.013111431038539,0.00187746445428605
-0.0288117363385809,0.00722084837366133
-0.0190820215565997,0.0114460146588176
-0.0545526789920898,0.0385767735564935
0.00519116822113519,-0.00646202109146454
-0.0291329387729369,0.0548687348148125
0.0389690405910215,-0.0403075382824856
0.0150344341437476,0.00945917341566194
-0.0171340535565907,-0.0109777961320896
0.0242254147962488,0.00143873663844207
-0.00479834320395556,0.0147469623328576
-0.00137523226911984,0.0164699554445891
0.0022910042023474,0.00686651160123919
0.0192640172312406,-0.0122226467250695
0.00604232477250788,-0.00828451462643987
0.0176917318790695,-0.0135906110000157
0.00807782460524376,-0.0331611343343763
-0.00413994358610204,0.0260556043856592
-0.00745127617686059,0.0230478160348522
0.0279814574494841,-0.0293169154189927
0.0280520725757554,-0.0472996652041289
-0.0110845553640462,0.0271019290880377
-0.0182517933765181,0.021728471088954
0.0174102003002368,-0.0250247371006109
-0.0186960461437136,0.023010150839327
0.00832891912102296,-0.0181520051785222
-0.0106907153568221,0.00736562406848851
0.00343347646535719,-0.00310328751335653
-0.020561286296144,0.0299732487669147
-0.0121000098653021,0.00309094266469323
0.0382156433720486,-0.0172404593197353
0.0053118154704106,0.00465865767100659
0.00802032739190928,-0.00288902061617691
0.00398612991167813,-0.00669277856183825
0.00313581376957561,-0.0109824043233102
-0.0115462442469036,0.00863336172852591
0.0348583068337063,-0.0406327547461114
0.00467907554984537,0.012172212811425
0.0064738177312389,0.00158408005019783
0.00923328693965253,-0.0168862091003534
0.00577750222063189,-0.0213220208216462
-0.00557767930178743,0.0135822753869901
0.000798664197625421,-0.00530780065825365
-0.002798310701984,0.0045390287502336
-0.00140209729317009,0.0158525147740427
0.0200423838954515,-0.0355269675893775
0.0021587054957215,0.00876325183653393
-0.00807011289246296,0.0134713922643668
0.00296007178418689,0.00365818007955454
-0.0089065559839856,0.0420711932954037
0.0226054151709025,-0.00727275434146346
-0.0208177465288606,0.00735418838317958
0.0221773601013093,0.00454876550568883
0.0216961768802775,-0.0201381976431607
0.00888721749904731,-0.0181914254060072
0.0119761799328257,-0.0143338399077004
-0.0157483603470872,-0.00222350648486014
-0.0177298799662857,-0.0203250767881649
0.0021134947917778,-0.0113352409384344
-0.0121657820903662,0.00581547169817309
-0.0275771171345811,-0.048790147411844
-0.00139901481872462,0.0186443060862116
0.00836488001558822,-0.0385834680415282
0.0316247857933325,0.0136463381489813
0.0101329377891584,0.01364575608872
0.00171054214433308,-0.00975435705453265
0.00982624038285973,-0.0150939488786257
-0.00376791634980522,0.0069230840400083
-0.0104355227985384,-0.0369410023203631
-0.0015270442361679,0.00886067776099875
-0.024363121839551,0.0161692409723546
0.0237899149867173,-0.0281303929333365
0.0234238451471342,0.00484028036212969
0.02051253295084,0.0131435202338226
-0.0067908665246077,0.0155100463342235
-0.000921220468870221,-0.00800869676115745
0.00935697734834928,-0.00236776169877828
0.0229272700216763,0.0148708795120029
0.00534004562187995,0.0116102171616408
-0.0051615476066349,-0.0195828566880136
-0.00178607458138291,-0.0265282607963018
0.0157847243044333,0.0126839372278962
0.00105518050503939,-0.00786046673062923
0.000527173018806337,0.00518328367752741
-0.00652155198202031,-0.0147564891626759
-0.0192828329970265,0.00281376908481779
0.0150298075808868,0.010026121971598
0.0169047707442696,-0.023683553539831
-0.00876890915273165,0.00352976754260492
0.00737100866832829,0.0216874166946504
-0.00104964248184736,0.0101959019340594
-0.028946370680206,0.0187834216699958
-0.00995932601850935,0.00741563849213112
0.0151709635337989,-0.0138561557159118
0.0221581338889818,-0.00196840370787665
0.00297590012085269,0.00084404542305716
0.0104331025721223,0.0176551839611045
0.00500384274525434,-0.0249943097545469
-0.0277480536552579,0.0245336431786045
0.00828273709637006,-0.00267583353323353
0.0129034340183711,0.010478031136171
0.00742215015069458,-0.00835522148812729
-0.0192731130484072,0.0207134030546419
0.021849288113347,-0.00616000032328579
-0.00360854563881574,0.011563944484589
0.0116379937824389,0.0123193599434215
-0.000340375389361824,-0.0131281299691626
0.00492404277484848,0.0204651956440927
0.00759306361496481,-0.00742581183892543
0.00870292761755476,0.0123458495277244
0.013736282867475,-0.0222438361147894
-0.00527357341511436,0.00500586719184515
0.0111733055006145,-0.0031256865543341
-0.0161426586602973,0.0127978533614908
0.0151617631555228,-0.0228662837030651
-0.014995747024467,0.0258642928945587
0.00628934657797053,0.00824200034627243
0.000824593711633348,0.00999184256048569
-0.0253769956410954,-0.00964261157614477
-0.00253953763548243,0.0083449641840101
0.0138049275489625,0.0187803185613804
0.0106436956644433,-0.0035744563074811
0.00774490828845043,0.0148940902280374
0.00376838911597766,-0.0282836777005402
-0.0173200709340682,-0.0205149361949992
0.0058067735296401,0.0107028062942298
-0.0176907379310416,0.0121424001405499
-0.0197251737630344,0.0145487972315923
-0.0319314924291225,0.0197693597500281
-0.00159702190402733,0.00846054011100872
0.0309492383883878,-0.0112131950181782
0.0260019534279516,-0.00393356341236473
-0.00352910341411938,0.00418410652257428
0.00520524316920668,-0.00217356830726434
0.0121516194569775,0.00509204839710709
-0.000165439259442124,0.0197046601786868
-0.0006621572105594,-0.0114953360361518
-0.0440077520409776,0.0421260129958121
0.0185158387245439,-0.00341040339501753
0.0114846780930185,-0.0116670577619864
-0.0201855488765892,0.0231210076547619
-0.00791332318032989,0.029027987494687
-0.00034549071540102,0.0160451110315307
0.0150894025236479,0.0117929549397466
-0.0176843615974382,0.0257109527427231
0.0248066909853497,-0.0543886218962335
0.0210674625541776,-0.0213784269601671
0.00938664296944136,-0.0129550864154391
-0.00164039530916504,0.0233540341642486
-0.0185589241380608,-0.0476713490500371
-0.0112691796321514,0.0257387816311576
0.0332698688095139,0.0371029148847484
-0.0164965802641719,-0.00342763760074405
0.00729208468734299,-0.00252112009099026
0.0212391453178542,-0.00852703956284362
-0.00713829192293414,0.0140194726304186
0.019828220497037,-0.018271578366587
-0.00560229215049812,-0.0400733839881546
0.00272504749892022,-0.012088888861765
0.00701867011033475,-0.00753797755345342
-0.00270590164117301,-0.00983515364168497
-0.0160671832552062,0.0190042949794202
-0.0112388582003113,-0.0425348180381882
0.0042497961139798,0.0029717574910002
0.00179250102691686,0.00953477154388605
-0.00850228542931486,-0.032865391365867
-0.017391793262405,0.0066600309479794
-0.00217441339749858,0.000430967911003499
0.0177583237096925,0.0227466306839048
-0.0234678294977151,0.0222407081804175
0.00938655165401414,0.00934739011718122
-0.00837666167173801,0.0146638313899361
-0.00252670414489398,-0.00306079385492719
-0.064977130557387,0.019492568250703
0.0132309789909186,-0.0324839695137182
-0.0407849916245433,0.0026118174627614
0.0250309764254522,-0.0105708438519363
-0.00307216599736826,0.00583187073800762
-0.0204797598565682,-0.00459693437976405
0.0157628005015567,0.0245440736855658
0.0395773112346616,-0.0184740208857175
0.00783499728640447,0.0134034054994858
0.0148048944103518,-0.00590786621061046
-0.00771940984561947,-0.00341490027150559
0.00532420959322977,-0.0312706329456223
-0.0343269386749743,0.00569802366456873
0.0302074395858618,0.00641318694847737
-0.00361849425622474,0.00430788733813881
-0.000172673912595123,-0.00322914281606224
-0.044122210068716,0.0260307752792315
0.00252303620817251,-0.00429166833464834
0.0162460026981845,-0.0114259097953315
-0.0115773226605524,-0.0103131971492516
-0.0674329370839328,0.0227934665160934
-0.0271967333196237,0.0191888942171028
0.0202736170073345,-0.00326579340072275
0.0198707514778973,0.0155165139571949
-0.0295663869218026,0.0110929826312063
-0.018287803220955,0.0213673394502925
0.0318355382403155,-0.00373323738159037
0.00880386709293379,-0.00459025248591161
0.0388689027922937,-0.0139765024855585
0.0145562836290547,-0.00968913237635238
0.0114943684005988,0.0132596667024556
-0.0138454151103691,0.00371226833538252
0.0142025023786152,0.00876186875964802
-0.00842527565204065,0.0101261049950478
0.0240118655977826,-0.000985180452747869
0.0106634485908739,-0.027053634231538
-0.0122464257975734,0.00791502735927097
-0.0147179148324028,0.0082361398327313
-0.00681130209736391,0.0139308906967592
0.00520228854834937,-0.0162332943408519
0.02211892375992,-0.00230759943145209
0.00349407699539039,0.0256969407906977
-0.0110479172344142,0.0115668845572561
-0.0109929996412594,0.00613931313957394
-0.0324333333512183,0.00125279628255992
0.037058000517749,0.034669717564185
0.00195019320265111,0.0213260616703286
0.0218980462487597,-0.0369559172902481
0.00432264879803501,0.00295828823196587
0.00670623092547817,0.0196895681713896
0.00154123080122481,-0.0254699530736158
0.0115686951897072,0.0149600158918837
0.000845367169898026,-0.0098282298717054
-0.00916809654892248,-0.00252648269708544
0.0100128140924465,0.00194956029188997
-0.0194379412435026,-0.0226892863420201
-0.00431369821012417,-0.00569805264106105
0.0222307240637454,0.0152450370755286
-0.000507529303126475,0.00503035492283832
-0.00576957585256732,-0.0264540087190586
-0.0128459421970124,-0.0175515927360594
0.00738518283945844,0.0129862244794783
-0.00841998043209813,-0.0216872366231771
-0.0211011239888137,0.00984033672089879
0.0205832575015217,-0.0764814575592236
0.00172507011906742,-0.00979877282706188
0.0131840014039906,-0.000248262338546468
-0.00682715614457408,-0.0101490034263776
0.0323533183910003,-0.0177144951741326
-0.00782361401727805,-0.00306853813302244
-0.00805372707482555,0.00773849393173087
-0.00320598339838529,0.00910702137301289
0.0202433162256348,0.0144175452275483
0.00528576866589425,0.00371637667399405
-0.00346562076780899,-0.0113575945618845
0.0115056651647238,-0.00258801487175386
0.00261139125383192,-0.00528013011230932
0.00617488270500743,0.0146816294169927
0.0111156785179842,-0.00365026486336006
0.00256005999194908,0.0139481684307308
0.00573610231705146,-0.0220426860959631
-0.00254533784754329,-0.0177519326735416
0.0115608154168303,0.0117852853587204
-0.00679355626416012,0.0187046025578166
0.0028494002223356,-0.00140732811440891
-0.00253244597942182,0
-0.00811522199074499,0.0226072543377729
0.00684662021840676,0.000566776212240328
0.0197963782859958,-0.00967922026127432
0.0114463413676029,-0.00870139754821508
-0.00015372617010545,0.000824118012650033
0.00368490912639707,0.0189316115924569
0.00884964309187897,-0.00186088265413797
0.0117790362934684,0.0171822720704347
-0.00572114240526656,-0.00975930631945765
0.000603672261846988,0.0155536291866127
-0.0110765982050767,0.0112542038634356
-0.000763230628877842,-0.0210367268724507
-0.00229307648482902,-0.0193679511825788
0.0209004262204537,0.0049583568586824
0.0058282969185397,0.0189548729360878
0.00134012885109946,-0.0144245071596885
0.00489872339425368,0.00835951268542523
-0.0176281877294988,0.0119352148510865
-0.0001507594640211,0.00150169906991593
0.0106456769255709,0.00551310320945841
0.00979521073390721,-0.00448695754568007
-0.000295371388277843,0.0175957618903793
0.0129166222577259,-0.0167282833446993
0.00174854692247184,-0.0052161950917764
0.00189073216675695,-0.0114760170628747
0.00839249356455696,-0.00942230289179147
0.00860835254987347,0.0181211034862105
0.00456100698774709,-0.0149704201065557
-0.00185036351195489,-0.00598663295562307
0.00568255400364226,0.0192870134179444
-0.00297934666039179,-0.0123329898975042
0,0.0182846799149203
0.0136882296686141,0.003238706240694
0.00265942409127451,-0.00197355496444729
0.000977990913830773,0.00110566577850246
0.00501464493886861,0.0130177779861631
0.000416736535065354,-0.0282889393528789
0.00124916860129964,0.0166121054990169
0.0279049840003891,-0.00910646137308468
0.0143309187561638,-0.00951134102947204
0.0095289398095515,-0.0117942971412255
0.0211138138664859,0.00429758449733964
-0.0401290845398448,-0.0329839872053892
-0.0530683118547071,-0.0138095774923741
0.0447102810665445,0.00650749508037407
0.00162309134364058,-0.00489784664321658
-0.024351392281166,0.0018606333571336
0.0289361355869167,-0.00372467041996227
-0.00919049974471431,0.0159854816273954
-0.0495440853630544,0.00300025741151444
0.0227106267791433,0.0142936573186843
-0.0123492626681214,-0.00658441104579932
0.0195755903772925,-0.00165286771714346
0.00331764008012225,-0.0203884271215058
-0.000690210856633122,0.00362334761646199
-0.00262742922348913,0.00084074727733352
0.0201501051577999,0.00201499095911206
-0.00735498958395286,-0.0170872390490597
-0.00328629427957772,0.0203528846532146
0.00232890251914419,0.00566857377122432
0.0118343913236654,-0.00642127267116344
-0.00433663381081484,0.00708600762632727
-0.0221087024685405,0.00124529116876548
-0.0125751817849675,0.00982466058509335
0.0106293938800697,0.00842643161707901
0.0107930534889782,-0.000244419108624605
0.00178751851414027,-0.0161002250374827
0.00766388807845964,-0.0108235428882448
0.00027268637429767,-0.00201104360941695
-0.00986175914113385,0.0120061673324043
-0.00123963885928546,0.00264856706334182
0.0127355413123071,0.0107700102611981
0.00434487723259291,-0.0106047350910634
-0.0187355239873845,-0.0155752348408065
0.0142546393142489,-0.00488047250215207
0.0163329410242437,-0.0123065806806739
-0.00577376954032527,0.0014506822741831
-0.0177982443806002,-0.0367371933718754
-0.0379986151651721,0.0125710441189248
-0.0022808799429237,-0.0066614510091334
-0.037811665295278,0.0111938098978328
0.0306503628170836,-0.0263462781879467
0.00872993895459207,0.011981492196786
-0.00858617846392651,0.0118396340370124
-0.0310906586305926,0.00382877641781931
0.0346772056705262,0.00164882616779138
-0.0392837606183889,0.0263556091557273
-0.00822562133351479,0.000590989022647648
-0.0667534471637685,0.0187296262785699
0.0247356446168032,0.00272988402334029
0.018773324939068,0.00871857424851719
0.0236949904733752,-0.00971041452254795
0.0238795260344657,-0.0113935513249457
0.00204977207044088,0.00808035747664526
0.0126445273574296,0.00356123038992173
-0.00303752442373639,0.0114258725548764
0.0212133989960703,-0.00302865302858457
0.00973820152836957,-0.00336689833125714
0.00294519128771942,-0.0242279343647107
-0.0208002003015002,0.0242279343647107
0.0298613048973779,0.00147953590528527
-0.0100419428422001,0.0252233525591867
0.0112901777710226,0.0125747921343438
0.0216625111630666,-0.0192444446709903
0.00406058243405472,-0.0110256538672493
0.00134987165204059,0.00187322086961306
0.00323240002878134,0.00737708372602253
0.00469513861109494,-0.00121221896886237
-0.0249335949922793,0.00877584088686501
-0.0122870244581188,0.00989078713535463
-0.00696964090999064,0.0141075038540519
-0.0197774716336712,0.0312032020383581
0.0372488277880416,-0.000682902749836956
0.000412269359904016,-0.00212765100256718
0.0131041884247267,-0.000228339140218914
-0.000406901055701958,0.010445182262691
0.0118679380900204,-0.00286536839693063
0.00347968960926259,-0.0168288114496535
-0.008452418400271,0.0112253570782928
0.0085860385499803,-0.00167199626762482
-0.0318951977848379,0.0376191337813294
-0.00733616355676947,0.0256016917217314
-0.0103339208528457,0.0424971464041244
-0.0112931101476921,-0.00116401233449004
0.0237086901499826,0.0090028710702672
0.0200390887374633,-0.010168344571408
0.0144354253621,-0.0655496212463964
-0.00577609618406072,0.038434542398937
-0.0112444699438523,0.00590259849016928
-0.00491670758769569,0.0225834601310675
0.0126523732811394,-0.0387577951546643
0.00660243404655692,-0.0061424419768894
0.0126778846281921,-0.00762317632946186
0.0148735511817764,0.0146196761318418
0.00819726478298577,-0.0410265099141443
0.0028468086537039,0.0209050842089775
-0.004013698094254,0.015414837239196
0.00595007674852965,0.00371008050552835
0.00424686081032455,-0.0148511681998418
0.0128868706143574,0.00497486288035542
-0.000126713240561571,-0.0173387455210152
0.00858483091249251,0.00489115421760022
-0.00213938039206774,0.0130228130218208
0.00803014872341556,-0.00489979854591471
0.0159924187159355,-0.0030384032544335
-0.0128730698708823,0.0289916589835197
-0.0272778128867532,0.0265311215638331
0.0286472574148808,-0.0101265032933107
0.0131012279291003,0.000830579172607315
-0.0133500352382372,0.023856972591763
-0.106245792259344,0.0479406416961066
-0.000415236744237824,0.0711925393900188
-0.120660036432354,-0.0800527112867311
-0.146241733270445,0.0350419765136065
0.109005985367232,0.0505717421521972
-0.0277818245586898,0.0047590991609745
0.0992575552222199,-0.0186294322130918
0.0232741758257875,0.0145260548851116
-0.0135106507495815,0.0178950520729284
0.000149497584056135,-0.0170611266496961
0.0345190822913217,-0.0239218547744056
-0.022190753964022,0.0165113731194078
0.0298139302934839,-0.00698253380536062
0.0342262866044978,-0.0119100072071303
0.0569198597048466,-0.0468023843418512
-0.0435780594864852,0.0388856024454078
0.00735098456141259,0.00055435239470647
-0.0180653555562849,0.0174586330133533
0.0346101637412577,-0.0100962035116163
0.0194206675310502,0.0166105025908294
0.0108010916403529,0.00270179352858868
-0.00129514938925634,0.0175923155641575
0.00658782335798769,0.00739566959890503
0.0215254118107833,-0.00657122231487506
0.0102796403529553,-0.0402384930714241
0.0054726807367711,0.0183380229430261
0.0272849336979384,-0.0310424653945756
-0.0219654396207396,0.0100044703579334
-0.0155427431361233,0.0106350872684899
0.00125232917124585,-0.00554787824352765
-0.0165314535891552,0.00943137467419319
0.0166566289338626,-0.0144571716332216
0.0357685272183188,-0.0164791468739924
-0.00447756244044228,0.00808765805120171
-0.000121226355572546,-0.0211655048671418
-0.053568703820674,-0.00278843694247577
0.0714810399148869,0.0116096721621801
0.0243641745226961,-0.00787232060162957
0.00406149066831851,0.0209598242223059
0.0235763399177769,-0.00801914783323809
0.0142626553272427,-0.0318332903201588
-0.00581523257572147,0.022742052913439
0.00692967016605817,-0.0154874716971829
-0.00211855402401451,0.00612202326592293
0.0125341877019967,0.00279349084429281
0.029541691772816,-0.0414878352451886
-0.0136848670684673,0.00329880866438703
0.0172102614923659,0.000395110681347788
-0.036158265227348,0.000789753333528154
0.0438073117819977,-0.0264655731671981
0.0193895770032002,-0.00623433726801093
-0.00530775572673559,-0.0264496186847429
-0.0352590375878794,-0.00104758664277416
0.00485251337987158,-0.0298571373110725
0.0234954635894358,-0.0207303207991636
-0.00463397152012046,-0.00967473718420742
0.00631380038872464,0.0140749063607544
0.011057879750747,0.00620048563761255
0.0189092463972251,0
0.0146533562397,0.0126460482815434
-0.001304996934965,0.00572823472720874
-0.00362283379439887,-0.0101902437912953
0.0142144349991353,0.00424657022990971
-0.0153240392687426,-0.0155625008708693
0.00141199607417075,0.00429479341056371
0.0143095480701509,0.00557753262773009
0.00831108316599938,0.0104908016414669
-0.00305913853209017,0.0170799214962871
-0.021074443975424,0.0237478056879379
0.0250200154943059,-0.0258581262525652
0.00491015413508844,0.0211120811814407
0,0.0102206571623631
-0.010933382427937,0.0114000549493181
0.0141609447406497,0.00195472597424118
-0.00293373030180089,0.00684523347906385
0.00819273428585188,-0.0117055186215893
0.00783715676568608,0.00519694935202786
-0.0169117210062595,0.0133736527462123
0.0190297656498677,-0.00726643177549668
0.012519851323975,-0.00860114186231265
-0.0154092210165571,0.00148358804380777
-0.00891304251717973,0.00517529328641864
0.00184721080046746,-0.0152664035809806
-0.0215019311451066,-0.0106755103131695
0.00682456350484095,-0.0241630046762289
0.021260800501965,0.0219589448347506
0.0122760379581557,-0.00622490518241126
0.0038054835589163,0.0243997949959853
0.0161073433063477,0.0108422260167531
0.000467121804122783,-0.0132827438380678
-0.00458692927120019,0.00696677558786263
-0.0305810828979416,0.0145206350276652
-0.0101119081585024,0.0250603987284697
0.0317394928408694,-0.036216519459578
-0.027448946860706,0.0131471158880814
0.0224188143920996,-0.0154337288442328
0.00644919073326378,-0.00222440739886043
-0.0142818767385284,-0.0408389199851094
0.00182038317485311,-0.00112525263650465
-0.0485413652745175,0.0107095043841907
-0.00594606283972698,-0.00348724012884816
0.0196182759507186,-0.0292075088379757
-0.0123667463994286,-0.00548219307023334
-0.0110999974058634,-0.000144706834526609
0.000202888015993885,-0.00988739901956226
-0.0349971136820502,0.0243237452343612
-0.0247845675343577,-0.0387473631871584
0.0634272610549873,-0.0109559596892117
0.0105576671415788,-0.036478662460028
0.00449077088246419,0.0285033171292781
-0.015149546301183,-0.0564033128270127
-0.0184670612513367,-0.0355510062159015
-0.0285152056944922,-0.00631390435978929
-0.0284796410795538,-0.00451053994948669
-0.0120642623561231,-0.0495983506333007
-0.0165770930899525,0.0201182938022617
-0.0134397241865125,0.0215795718337297
0.0510886200241636,0.00479818829815493
-0.0087895695742688,-0.02594678368538
-0.057421342737376,-0.0196699307935635
-0.0557809163187448,-0.0149659186795237
0.0520802100665252,0.00427347275052714
-0.0214305782507038,0.028550868046417
0.0114165141532601,-0.0290840375182544
-0.0144989366196402,0.03184313304412
0.027058723283365,0.0205384835651881
0.0373165037505894,-0.00949242427800368
0.000111351362714451,-0.00820867438038153
0.0309099535759811,-0.00793037646429617
-0.0205001716449686,-0.0219616166556849
-0.0321289755052909,0.00511782482696699
-0.0341370098566154,-0.0303811917721433
0.0322011422108908,-0.0174809162235077
-0.0435662357014737,-0.0115146399867996
-0.0510489394055051,-0.0128779593156221
-0.0251217948000555,-0.0312300191071806
0.0151739580035368,-0.0143533640115558
-0.0182624367935249,-0.0242545283042581
0.040909700691266,-0.0563411907718185
0.0303404063311659,0.038221263999457
-0.0119530291793097,-0.0270145395811792
0.0619312108145564,0.0382119068104876
-0.00744854072316947,0.0177192912301489
0.0154086076408859,0.0321939734003465
0.0160668619746653,0.0399119105474668
-0.0268852171296397,-0.00712208533274072
-0.028098890855123,0.00730886659141561
0.00164724585037934,-0.0473161019038146
-0.00211839917600543,-0.025779794593654
0.0254739273882612,0.0549127180852285
0.0296469180148309,0.0148164810460738
-0.000223062806376184,-0.00516557203684531
0.0187809825264962,0.00479078597700156
0.00534845847148713,-9.37363424746707E-05
-0.0116063663250996,-0.0315128900112045
-0.000991724682966044,-0.00981688549310444
-0.0285142075899918,-0.0138678990961161
0.0232086162666363,0.00907033888990405
-0.0438373904964609,0.0356698411401775
0.00242871898835872,0.0118623323485147
0.017065040900766,0
0.034597871946553,-0.004502359399992
0.00109635435762545,0.0201030131257189
0.0113315756648351,-0.0323046389676351
-0.00140949643275778,-0.00649229217844205
0.00454642676855332,0.0195396290806436
-0.00302865335391278,-0.0148571429903361
-0.00663010557153676,-0.00592851954766793
0.0137545276152249,-0.0308735456732192
-0.00333995408733045,-9.89379939193569E-05
0.0153148125868174,0.00886357537719995
-0.00479409599268355,-0.000686574458691247
0.0257235607246882,0.00664974400630847
-0.022844281016865,0.00708985008216434
0.0213861057086691,-0.00378145000532193
-0.0129034399497661,-0.0382186948396708
0.0308772513553182,0.0220600756356539
0.00316857792054304,0.00433457906673862
0.0122725726799064,-0.0190539235661618
-0.0261452556563579,-0.0334145260232752
-0.00549935268503621,-0.0120897358246372
-0.0250750306124186,-0.0169191527581658
0.00796986284640688,0.0153450769543122
0.0239487867833006,-0.00389333629245225
-0.0149924184900083,-0.00507342515609999
0.00512685255706469,-0.0150539718826535
-0.0270801139837342,-0.0165956277408421
-0.00958903394726995,-0.0304264845983697
0.00119016088400326,-0.0449695488022757
0.00313083425653904,0.0327175315314632
-0.0258789912023056,-0.0511671777830367
-0.0202253411911109,0.0134839448696233
0.0570393071960957,0.0379114529932689
0.00552895238645057,0.00409977365454761
0.0276081475422565,0.023030878827174
0.00954686030274843,-0.00266901691444499
0.00884919326746836,0.0349069282253218
-0.000405154626354154,0.0165310975316961
0.0226372059511135,0.0476108353062941
0.00207765677396665,-0.00678035439174263
0.0058142203383893,0.00405344996879542
-0.016745447763781,-0.0265424851722447
0.01359615173586,0.00238572521694902
0.00216622008686063,-0.0254984738798338
0.0118309775150749,-0.0033001314525567
0.00832451453873517,0.0241254886002773
0.0121678557299205,-0.0233793424712303
0.00171265789965602,-0.0116822113568364
0.0149086947887431,0.0118953401913409
